shipment_id,vessel_imo,vessel_name,vessel_type,origin_port,origin_name,origin_country,dest_port,dest_name,material_code,material_name,material_category,quantity,unit,departure_dt,eta_planned,eta_actual,delay_hours,berth_start,unloading_end,customs_clear,factory_arrival,status,distance_nm,voyage_hours,berth_wait_hours,customs_hours,inland_hours,snapshot_date
SH-1001,IMO9800005,SUNRISE JEONBUK,벌크선,CNDLC,다롄항 (Dalian),CN,KRSMG,새만금항 (Saemangeum),CP-BMS-01,BMS 모듈 (Battery Management),전자부품,8822,개,2025-02-15 14:36,2025-02-16 20:15,2025-02-16 22:15,2,2025-02-17 02:15,2025-02-18 22:21,2025-02-19 11:36,2025-02-19 13:20,입항대기,430,29.7,4,13.2,1.7,2025-02-17
SH-1002,IMO9800006,DONGBANG EXPRESS,컨테이너선,CNQDG,칭다오항 (Qingdao),CN,KRGUN,군산항 (Gunsan),RM-ALM-01,알루미늄 잉곳 (Aluminum Ingot),비철금속,1684,톤,2025-02-15 18:20,2025-02-16 16:41,2025-02-16 16:41,0,2025-02-16 17:41,2025-02-17 02:07,2025-02-18 21:36,2025-02-18 22:10,하역중,380,22.4,1,43.5,0.6,2025-02-17
SH-1003,IMO9800007,WEST SEA PRIDE,벌크선,CNSHA,상하이항 (Shanghai),CN,KRSMG,새만금항 (Saemangeum),RM-RBR-01,합성고무 (Synthetic Rubber),화학,1608,톤,2025-02-15 23:33,2025-02-17 14:49,2025-02-17 14:49,0,2025-02-17 15:49,2025-02-17 23:51,2025-02-20 00:18,2025-02-20 00:54,통관중,530,39.3,1,48.5,0.6,2025-02-18
SH-1004,IMO9800004,GUNSAN GLORY,컨테이너선,VNHPH,하이퐁항 (Hai Phong),VN,KRSMG,새만금항 (Saemangeum),RM-STL-01,열연강판 (Hot-Rolled Steel),철강,1578,톤,2025-02-14 03:41,2025-02-17 16:41,2025-02-18 00:41,8,2025-02-18 01:41,2025-02-18 09:34,2025-02-20 10:10,2025-02-20 10:56,항해중,1360,85.0,1,48.6,0.8,2025-02-18
SH-1005,IMO9800001,HANJIN SAEMANGEUM,벌크선,CNQDG,칭다오항 (Qingdao),CN,KRSMG,새만금항 (Saemangeum),RM-CHM-01,리튬 (Lithium Carbonate),화학,1600,톤,2025-02-16 09:56,2025-02-17 13:47,2025-02-17 13:47,0,2025-02-17 14:47,2025-02-17 22:47,2025-02-20 20:58,2025-02-20 22:52,통관중,390,27.9,1,70.2,1.9,2025-02-18
SH-1006,IMO9800006,DONGBANG EXPRESS,컨테이너선,CNTSN,톈진항 (Tianjin),CN,KRSMG,새만금항 (Saemangeum),RM-CHM-01,리튬 (Lithium Carbonate),화학,819,톤,2025-02-16 17:03,2025-02-17 21:52,2025-02-17 23:52,2,2025-02-17 23:52,2025-02-18 03:58,2025-02-20 12:48,2025-02-20 14:11,하역중,490,28.8,0,56.8,1.4,2025-02-18
SH-1007,IMO9800004,GUNSAN GLORY,컨테이너선,CNQDG,칭다오항 (Qingdao),CN,KRGUN,군산항 (Gunsan),RM-CHM-01,리튬 (Lithium Carbonate),화학,747,톤,2025-02-17 20:17,2025-02-18 20:02,2025-02-19 00:02,4,2025-02-19 00:02,2025-02-19 04:02,2025-02-19 16:21,2025-02-19 17:55,항해중,380,23.8,0,12.3,1.6,2025-02-19
SH-1008,IMO9800003,YELLOW SEA STAR,벌크선,CNDLC,다롄항 (Dalian),CN,KRGUN,군산항 (Gunsan),RM-CPR-01,전해동판 (Copper Cathode),비철금속,1029,톤,2025-02-17 07:05,2025-02-18 15:23,2025-02-19 15:23,24,2025-02-19 16:23,2025-02-19 21:32,2025-02-20 15:15,2025-02-20 16:46,항해중,420,32.3,1,17.7,1.5,2025-02-19
SH-1009,IMO9800005,SUNRISE JEONBUK,벌크선,CNTSN,톈진항 (Tianjin),CN,KRGUN,군산항 (Gunsan),RM-CPR-01,전해동판 (Copper Cathode),비철금속,742,톤,2025-02-17 01:25,2025-02-18 10:31,2025-02-18 10:31,0,2025-02-18 18:31,2025-02-18 22:31,2025-02-21 08:10,2025-02-21 09:50,통관중,480,33.1,8,57.6,1.7,2025-02-19
SH-1010,IMO9800007,WEST SEA PRIDE,벌크선,CNTSN,톈진항 (Tianjin),CN,KRGUN,군산항 (Gunsan),RM-CPR-01,전해동판 (Copper Cathode),비철금속,663,톤,2025-02-17 11:50,2025-02-18 23:23,2025-02-19 01:23,2,2025-02-19 02:23,2025-02-19 06:23,2025-02-21 04:11,2025-02-21 04:53,항해중,480,35.6,1,45.8,0.7,2025-02-19
SH-1011,IMO9800007,WEST SEA PRIDE,벌크선,CNQDG,칭다오항 (Qingdao),CN,KRSMG,새만금항 (Saemangeum),RM-CPR-01,전해동판 (Copper Cathode),비철금속,781,톤,2025-02-18 04:44,2025-02-19 09:37,2025-02-19 09:37,0,2025-02-19 13:37,2025-02-19 17:37,2025-02-22 06:06,2025-02-22 07:55,통관중,390,28.9,4,60.5,1.8,2025-02-20
SH-1012,IMO9800004,GUNSAN GLORY,컨테이너선,CNQDG,칭다오항 (Qingdao),CN,KRSMG,새만금항 (Saemangeum),RM-CHM-01,리튬 (Lithium Carbonate),화학,1354,톤,2025-02-18 10:40,2025-02-19 11:03,2025-02-19 11:03,0,2025-02-19 15:03,2025-02-19 21:49,2025-02-22 16:14,2025-02-22 17:42,통관중,390,24.4,4,66.4,1.5,2025-02-20
SH-1013,IMO9800001,HANJIN SAEMANGEUM,벌크선,CNNBO,닝보항 (Ningbo),CN,KRGUN,군산항 (Gunsan),RM-CHM-01,리튬 (Lithium Carbonate),화학,1348,톤,2025-02-18 04:02,2025-02-19 20:02,2025-02-19 20:02,0,2025-02-19 21:02,2025-02-20 03:47,2025-02-20 22:58,2025-02-21 00:53,하역중,560,40.0,1,19.2,1.9,2025-02-20
SH-1014,IMO9800008,SAEMANGEUM BRIDGE,컨테이너선,CNDLC,다롄항 (Dalian),CN,KRGUN,군산항 (Gunsan),CP-PCB-01,PCB 기판 (Printed Circuit Board),전자부품,8054,매,2025-02-19 02:34,2025-02-20 00:40,2025-02-20 00:40,0,2025-02-20 00:40,2025-02-21 16:56,2025-02-22 22:59,2025-02-22 23:33,하역중,420,22.1,0,30.1,0.6,2025-02-21
SH-1015,IMO9800001,HANJIN SAEMANGEUM,벌크선,CNTSN,톈진항 (Tianjin),CN,KRGUN,군산항 (Gunsan),RM-ALM-01,알루미늄 잉곳 (Aluminum Ingot),비철금속,1253,톤,2025-02-19 07:01,2025-02-20 17:18,2025-02-20 17:18,0,2025-02-20 17:18,2025-02-20 23:34,2025-02-22 19:26,2025-02-22 20:45,통관중,480,34.3,0,43.9,1.3,2025-02-21
SH-1016,IMO9800007,WEST SEA PRIDE,벌크선,CNNBO,닝보항 (Ningbo),CN,KRGUN,군산항 (Gunsan),RM-CPR-01,전해동판 (Copper Cathode),비철금속,1081,톤,2025-02-19 11:14,2025-02-21 04:43,2025-02-21 04:43,0,2025-02-21 12:43,2025-02-21 18:07,2025-02-27 02:25,2025-02-27 03:23,통관중,560,41.5,8,128.3,1.0,2025-02-22
SH-1017,IMO9800006,DONGBANG EXPRESS,컨테이너선,CNSHA,상하이항 (Shanghai),CN,KRSMG,새만금항 (Saemangeum),CP-PCB-01,PCB 기판 (Printed Circuit Board),전자부품,3411,매,2025-02-20 00:33,2025-02-21 07:44,2025-02-21 13:44,6,2025-02-21 13:44,2025-02-22 06:47,2025-02-23 00:33,2025-02-23 01:39,하역중,530,31.2,0,17.8,1.1,2025-02-22
SH-1018,IMO9800007,WEST SEA PRIDE,벌크선,JPTYO,도쿄항 (Tokyo),JP,KRSMG,새만금항 (Saemangeum),RM-ALM-01,알루미늄 잉곳 (Aluminum Ingot),비철금속,1421,톤,2025-02-19 03:14,2025-02-21 06:21,2025-02-21 06:21,0,2025-02-21 07:21,2025-02-21 14:27,2025-02-22 17:56,2025-02-22 19:39,통관중,690,51.1,1,27.5,1.7,2025-02-22
SH-1019,IMO9800004,GUNSAN GLORY,컨테이너선,CNQDG,칭다오항 (Qingdao),CN,KRGUN,군산항 (Gunsan),RM-STL-01,열연강판 (Hot-Rolled Steel),철강,108,톤,2025-02-21 02:43,2025-02-22 02:28,2025-02-22 02:28,0,2025-02-22 03:28,2025-02-22 07:28,2025-02-23 12:11,2025-02-23 13:58,통관중,380,23.8,1,28.7,1.8,2025-02-23
SH-1020,IMO9800004,GUNSAN GLORY,컨테이너선,CNNBO,닝보항 (Ningbo),CN,KRSMG,새만금항 (Saemangeum),CP-PCB-01,PCB 기판 (Printed Circuit Board),전자부품,4699,매,2025-02-20 15:57,2025-02-22 03:34,2025-02-22 03:34,0,2025-02-22 05:34,2025-02-23 05:04,2025-02-26 12:45,2025-02-26 14:15,하역중,570,35.6,2,79.7,1.5,2025-02-23
SH-1021,IMO9800005,SUNRISE JEONBUK,벌크선,CNQDG,칭다오항 (Qingdao),CN,KRGUN,군산항 (Gunsan),RM-ALM-01,알루미늄 잉곳 (Aluminum Ingot),비철금속,260,톤,2025-02-21 05:11,2025-02-22 07:23,2025-02-22 07:23,0,2025-02-22 07:23,2025-02-22 11:23,2025-02-23 00:28,2025-02-23 01:14,통관중,380,26.2,0,13.1,0.8,2025-02-23
SH-1022,IMO9800008,SAEMANGEUM BRIDGE,컨테이너선,CNDLC,다롄항 (Dalian),CN,KRGUN,군산항 (Gunsan),CP-BMS-01,BMS 모듈 (Battery Management),전자부품,1545,개,2025-02-22 12:52,2025-02-23 10:58,2025-02-23 10:58,0,2025-02-23 11:58,2025-02-23 19:42,2025-02-24 22:20,2025-02-24 23:25,통관중,420,22.1,1,26.6,1.1,2025-02-24
SH-1023,IMO9800006,DONGBANG EXPRESS,컨테이너선,CNTSN,톈진항 (Tianjin),CN,KRSMG,새만금항 (Saemangeum),CP-PCB-01,PCB 기판 (Printed Circuit Board),전자부품,8496,매,2025-02-22 07:06,2025-02-23 11:56,2025-02-23 11:56,0,2025-02-23 12:56,2025-02-25 07:25,2025-02-27 01:22,2025-02-27 03:01,하역중,490,28.8,1,42.0,1.7,2025-02-24
SH-1024,IMO9800004,GUNSAN GLORY,컨테이너선,CNNBO,닝보항 (Ningbo),CN,KRGUN,군산항 (Gunsan),RM-CHM-01,리튬 (Lithium Carbonate),화학,1472,톤,2025-02-22 15:47,2025-02-24 02:47,2025-02-24 02:47,0,2025-02-24 10:47,2025-02-24 18:09,2025-02-26 07:50,2025-02-26 09:47,통관중,560,35.0,8,37.7,1.9,2025-02-25
SH-1025,IMO9800007,WEST SEA PRIDE,벌크선,CNNBO,닝보항 (Ningbo),CN,KRSMG,새만금항 (Saemangeum),RM-PLS-01,PE 수지 (Polyethylene),화학,669,톤,2025-02-23 22:10,2025-02-25 16:23,2025-02-25 22:23,6,2025-02-26 02:23,2025-02-26 06:23,2025-03-02 17:14,2025-03-02 18:44,입항대기,570,42.2,4,106.8,1.5,2025-02-26
SH-1026,IMO9800007,WEST SEA PRIDE,벌크선,CNQDG,칭다오항 (Qingdao),CN,KRGUN,군산항 (Gunsan),RM-ALM-01,알루미늄 잉곳 (Aluminum Ingot),비철금속,345,톤,2025-02-24 12:06,2025-02-25 16:15,2025-02-25 16:15,0,2025-02-25 16:15,2025-02-25 20:15,2025-02-27 05:49,2025-02-27 07:32,통관중,380,28.1,0,33.6,1.7,2025-02-26
SH-1027,IMO9800003,YELLOW SEA STAR,벌크선,JPTYO,도쿄항 (Tokyo),JP,KRSMG,새만금항 (Saemangeum),RM-ALM-01,알루미늄 잉곳 (Aluminum Ingot),비철금속,420,톤,2025-02-23 06:39,2025-02-25 11:43,2025-02-25 11:43,0,2025-02-25 13:43,2025-02-25 17:43,2025-02-26 09:59,2025-02-26 10:33,통관중,690,53.1,2,16.3,0.6,2025-02-26
SH-1028,IMO9800003,YELLOW SEA STAR,벌크선,CNSHA,상하이항 (Shanghai),CN,KRSMG,새만금항 (Saemangeum),CP-BMS-01,BMS 모듈 (Battery Management),전자부품,4269,개,2025-02-23 20:42,2025-02-25 13:28,2025-02-25 13:28,0,2025-02-25 13:28,2025-02-26 10:49,2025-02-28 07:22,2025-02-28 08:45,하역중,530,40.8,0,44.6,1.4,2025-02-26
SH-1029,IMO9800004,GUNSAN GLORY,컨테이너선,JPTYO,도쿄항 (Tokyo),JP,KRGUN,군산항 (Gunsan),RM-ALM-01,알루미늄 잉곳 (Aluminum Ingot),비철금속,1103,톤,2025-02-25 02:27,2025-02-26 20:57,2025-02-26 20:57,0,2025-02-26 22:57,2025-02-27 04:27,2025-03-02 02:22,2025-03-02 04:08,하역중,680,42.5,2,69.9,1.8,2025-02-27
SH-1030,IMO9800006,DONGBANG EXPRESS,컨테이너선,CNDLC,다롄항 (Dalian),CN,KRGUN,군산항 (Gunsan),CP-BMS-01,BMS 모듈 (Battery Management),전자부품,5252,개,2025-02-26 20:06,2025-02-27 20:48,2025-02-27 20:48,0,2025-02-27 22:48,2025-03-01 01:04,2025-03-02 13:00,2025-03-02 14:37,하역중,420,24.7,2,35.9,1.6,2025-02-28
SH-1031,IMO9800002,KORYO DRAGON,컨테이너선,CNQDG,칭다오항 (Qingdao),CN,KRGUN,군산항 (Gunsan),RM-PLS-01,PE 수지 (Polyethylene),화학,733,톤,2025-02-26 16:36,2025-02-27 13:43,2025-02-27 13:43,0,2025-02-27 13:43,2025-02-27 17:43,2025-02-28 15:06,2025-02-28 16:25,통관중,380,21.1,0,21.4,1.3,2025-02-28
SH-1032,IMO9800008,SAEMANGEUM BRIDGE,컨테이너선,CNQDG,칭다오항 (Qingdao),CN,KRSMG,새만금항 (Saemangeum),RM-PLS-01,PE 수지 (Polyethylene),화학,346,톤,2025-02-27 09:45,2025-02-28 06:17,2025-02-28 06:17,0,2025-02-28 07:17,2025-02-28 11:17,2025-03-01 02:09,2025-03-01 02:53,통관중,390,20.5,1,14.9,0.7,2025-03-01
SH-1033,IMO9800006,DONGBANG EXPRESS,컨테이너선,CNNBO,닝보항 (Ningbo),CN,KRGUN,군산항 (Gunsan),RM-STL-01,열연강판 (Hot-Rolled Steel),철강,552,톤,2025-02-27 12:47,2025-02-28 21:44,2025-02-28 21:44,0,2025-03-01 05:44,2025-03-01 09:44,2025-03-05 13:35,2025-03-05 14:47,입항대기,560,32.9,8,99.8,1.2,2025-03-01
SH-1034,IMO9800001,HANJIN SAEMANGEUM,벌크선,CNNBO,닝보항 (Ningbo),CN,KRGUN,군산항 (Gunsan),RM-RBR-01,합성고무 (Synthetic Rubber),화학,1346,톤,2025-02-26 17:13,2025-02-28 09:13,2025-02-28 09:13,0,2025-02-28 09:13,2025-02-28 15:56,2025-03-01 04:52,2025-03-01 06:07,통관중,560,40.0,0,12.9,1.3,2025-03-01
SH-1035,IMO9800005,SUNRISE JEONBUK,벌크선,CNTSN,톈진항 (Tianjin),CN,KRSMG,새만금항 (Saemangeum),RM-CHM-01,리튬 (Lithium Carbonate),화학,951,톤,2025-02-27 15:32,2025-03-01 01:20,2025-03-01 01:20,0,2025-03-01 02:20,2025-03-01 07:05,2025-03-03 05:37,2025-03-03 07:05,통관중,490,33.8,1,46.5,1.5,2025-03-02
SH-1036,IMO9800001,HANJIN SAEMANGEUM,벌크선,CNTSN,톈진항 (Tianjin),CN,KRSMG,새만금항 (Saemangeum),RM-PLS-01,PE 수지 (Polyethylene),화학,1679,톤,2025-02-28 03:44,2025-03-01 14:44,2025-03-01 14:44,0,2025-03-01 18:44,2025-03-02 03:07,2025-03-03 07:33,2025-03-03 08:37,하역중,490,35.0,4,28.4,1.1,2025-03-02
SH-1037,IMO9800002,KORYO DRAGON,컨테이너선,CNNBO,닝보항 (Ningbo),CN,KRSMG,새만금항 (Saemangeum),RM-CPR-01,전해동판 (Copper Cathode),비철금속,214,톤,2025-03-01 07:05,2025-03-02 14:45,2025-03-02 14:45,0,2025-03-02 14:45,2025-03-02 18:45,2025-03-03 23:39,2025-03-04 01:12,통관중,570,31.7,0,28.9,1.5,2025-03-03
SH-1038,IMO9800005,SUNRISE JEONBUK,벌크선,CNDLC,다롄항 (Dalian),CN,KRSMG,새만금항 (Saemangeum),CP-PCB-01,PCB 기판 (Printed Circuit Board),전자부품,1622,매,2025-03-02 11:34,2025-03-03 17:13,2025-03-04 05:13,12,2025-03-04 07:13,2025-03-04 15:20,2025-03-06 04:05,2025-03-06 05:45,항해중,430,29.7,2,36.8,1.7,2025-03-04
SH-1039,IMO9800008,SAEMANGEUM BRIDGE,컨테이너선,VNHPH,하이퐁항 (Hai Phong),VN,KRSMG,새만금항 (Saemangeum),CP-BMS-01,BMS 모듈 (Battery Management),전자부품,5468,개,2025-02-28 14:07,2025-03-03 13:42,2025-03-03 13:42,0,2025-03-03 15:42,2025-03-04 19:02,2025-03-06 05:42,2025-03-06 06:57,하역중,1360,71.6,2,34.7,1.2,2025-03-04
SH-1040,IMO9800001,HANJIN SAEMANGEUM,벌크선,CNQDG,칭다오항 (Qingdao),CN,KRGUN,군산항 (Gunsan),RM-RBR-01,합성고무 (Synthetic Rubber),화학,364,톤,2025-03-02 19:34,2025-03-03 22:42,2025-03-03 22:42,0,2025-03-04 00:42,2025-03-04 04:42,2025-03-05 11:52,2025-03-05 13:48,입항대기,380,27.1,2,31.2,1.9,2025-03-04
SH-1041,IMO9800007,WEST SEA PRIDE,벌크선,CNNBO,닝보항 (Ningbo),CN,KRGUN,군산항 (Gunsan),CP-PCB-01,PCB 기판 (Printed Circuit Board),전자부품,1667,매,2025-03-02 22:37,2025-03-04 16:06,2025-03-04 16:06,0,2025-03-04 18:06,2025-03-05 02:26,2025-03-10 01:25,2025-03-10 02:00,하역중,560,41.5,2,119.0,0.6,2025-03-05
SH-1042,IMO9800007,WEST SEA PRIDE,벌크선,CNNBO,닝보항 (Ningbo),CN,KRSMG,새만금항 (Saemangeum),RM-ALM-01,알루미늄 잉곳 (Aluminum Ingot),비철금속,591,톤,2025-03-02 21:21,2025-03-04 15:34,2025-03-04 17:34,2,2025-03-04 19:34,2025-03-04 23:34,2025-03-07 15:35,2025-03-07 16:43,통관중,570,42.2,2,64.0,1.1,2025-03-05
SH-1043,IMO9800008,SAEMANGEUM BRIDGE,컨테이너선,CNNBO,닝보항 (Ningbo),CN,KRSMG,새만금항 (Saemangeum),RM-ALM-01,알루미늄 잉곳 (Aluminum Ingot),비철금속,1771,톤,2025-03-03 14:28,2025-03-04 20:28,2025-03-04 20:28,0,2025-03-04 20:28,2025-03-05 05:20,2025-03-06 15:47,2025-03-06 17:30,하역중,570,30.0,0,34.5,1.7,2025-03-05
SH-1044,IMO9800001,HANJIN SAEMANGEUM,벌크선,CNDLC,다롄항 (Dalian),CN,KRGUN,군산항 (Gunsan),RM-PLS-01,PE 수지 (Polyethylene),화학,190,톤,2025-03-04 15:59,2025-03-05 21:59,2025-03-05 21:59,0,2025-03-05 22:59,2025-03-06 02:59,2025-03-07 05:55,2025-03-07 07:04,하역중,420,30.0,1,26.9,1.2,2025-03-06
SH-1045,IMO9800005,SUNRISE JEONBUK,벌크선,CNNBO,닝보항 (Ningbo),CN,KRSMG,새만금항 (Saemangeum),RM-PLS-01,PE 수지 (Polyethylene),화학,1124,톤,2025-03-03 14:54,2025-03-05 06:12,2025-03-05 06:12,0,2025-03-05 08:12,2025-03-05 13:50,2025-03-07 18:41,2025-03-07 19:47,통관중,570,39.3,2,52.9,1.1,2025-03-06
SH-1046,IMO9800004,GUNSAN GLORY,컨테이너선,CNSHA,상하이항 (Shanghai),CN,KRGUN,군산항 (Gunsan),RM-STL-01,열연강판 (Hot-Rolled Steel),철강,272,톤,2025-03-04 05:01,2025-03-05 13:31,2025-03-05 13:31,0,2025-03-05 21:31,2025-03-06 01:31,2025-03-06 16:07,2025-03-06 17:24,하역중,520,32.5,8,14.6,1.3,2025-03-06
SH-1047,IMO9800003,YELLOW SEA STAR,벌크선,CNSHA,상하이항 (Shanghai),CN,KRSMG,새만금항 (Saemangeum),RM-CHM-01,리튬 (Lithium Carbonate),화학,1649,톤,2025-03-03 07:58,2025-03-05 00:44,2025-03-05 00:44,0,2025-03-05 01:44,2025-03-05 09:58,2025-03-06 15:39,2025-03-06 17:11,통관중,530,40.8,1,29.7,1.5,2025-03-06
SH-1048,IMO9800007,WEST SEA PRIDE,벌크선,VNHPH,하이퐁항 (Hai Phong),VN,KRSMG,새만금항 (Saemangeum),RM-STL-01,열연강판 (Hot-Rolled Steel),철강,472,톤,2025-03-02 17:52,2025-03-06 22:36,2025-03-06 22:36,0,2025-03-06 22:36,2025-03-07 02:36,2025-03-08 07:15,2025-03-08 08:26,하역중,1360,100.7,0,28.6,1.2,2025-03-07
SH-1049,IMO9800002,KORYO DRAGON,컨테이너선,CNTSN,톈진항 (Tianjin),CN,KRGUN,군산항 (Gunsan),RM-CHM-01,리튬 (Lithium Carbonate),화학,1268,톤,2025-03-04 21:56,2025-03-06 00:36,2025-03-06 00:36,0,2025-03-06 02:36,2025-03-06 08:57,2025-03-07 13:44,2025-03-07 15:08,통관중,480,26.7,2,28.8,1.4,2025-03-07
SH-1050,IMO9800005,SUNRISE JEONBUK,벌크선,CNSHA,상하이항 (Shanghai),CN,KRSMG,새만금항 (Saemangeum),RM-RBR-01,합성고무 (Synthetic Rubber),화학,109,톤,2025-03-06 01:26,2025-03-07 14:00,2025-03-07 14:00,0,2025-03-07 18:00,2025-03-07 22:00,2025-03-10 17:57,2025-03-10 18:31,통관중,530,36.6,4,68.0,0.6,2025-03-08
SH-1051,IMO9800007,WEST SEA PRIDE,벌크선,CNNBO,닝보항 (Ningbo),CN,KRSMG,새만금항 (Saemangeum),CP-PCB-01,PCB 기판 (Printed Circuit Board),전자부품,4425,매,2025-03-05 06:04,2025-03-07 00:18,2025-03-07 06:18,6,2025-03-07 06:18,2025-03-08 04:25,2025-03-10 18:10,2025-03-10 18:46,하역중,570,42.2,0,61.7,0.6,2025-03-08
SH-1052,IMO9800007,WEST SEA PRIDE,벌크선,CNSHA,상하이항 (Shanghai),CN,KRGUN,군산항 (Gunsan),RM-STL-01,열연강판 (Hot-Rolled Steel),철강,870,톤,2025-03-06 16:52,2025-03-08 07:23,2025-03-08 07:23,0,2025-03-08 09:23,2025-03-08 13:44,2025-03-10 11:04,2025-03-10 12:59,통관중,520,38.5,2,45.3,1.9,2025-03-09
SH-1053,IMO9800001,HANJIN SAEMANGEUM,벌크선,CNNBO,닝보항 (Ningbo),CN,KRGUN,군산항 (Gunsan),RM-PLS-01,PE 수지 (Polyethylene),화학,980,톤,2025-03-07 09:06,2025-03-09 01:06,2025-03-09 01:06,0,2025-03-09 01:06,2025-03-09 06:00,2025-03-13 10:46,2025-03-13 11:18,통관중,560,40.0,0,100.8,0.5,2025-03-10
SH-1054,IMO9800002,KORYO DRAGON,컨테이너선,CNNBO,닝보항 (Ningbo),CN,KRSMG,새만금항 (Saemangeum),RM-ALM-01,알루미늄 잉곳 (Aluminum Ingot),비철금속,1089,톤,2025-03-08 08:56,2025-03-09 16:36,2025-03-09 16:36,0,2025-03-10 00:36,2025-03-10 06:03,2025-03-12 22:39,2025-03-12 23:21,입항대기,570,31.7,8,64.6,0.7,2025-03-10
SH-1055,IMO9800007,WEST SEA PRIDE,벌크선,CNDLC,다롄항 (Dalian),CN,KRSMG,새만금항 (Saemangeum),CP-BMS-01,BMS 모듈 (Battery Management),전자부품,7381,개,2025-03-07 23:15,2025-03-09 07:06,2025-03-09 07:06,0,2025-03-09 07:06,2025-03-10 20:00,2025-03-12 05:02,2025-03-12 06:07,하역중,430,31.9,0,33.0,1.1,2025-03-10
SH-1056,IMO9800007,WEST SEA PRIDE,벌크선,CNNBO,닝보항 (Ningbo),CN,KRGUN,군산항 (Gunsan),RM-ALM-01,알루미늄 잉곳 (Aluminum Ingot),비철금속,1686,톤,2025-03-08 11:42,2025-03-10 05:11,2025-03-10 05:11,0,2025-03-10 06:11,2025-03-10 14:37,2025-03-12 20:28,2025-03-12 21:40,통관중,560,41.5,1,53.9,1.2,2025-03-11
SH-1057,IMO9800001,HANJIN SAEMANGEUM,벌크선,CNDLC,다롄항 (Dalian),CN,KRGUN,군산항 (Gunsan),RM-ALM-01,알루미늄 잉곳 (Aluminum Ingot),비철금속,225,톤,2025-03-09 16:53,2025-03-10 22:53,2025-03-10 22:53,0,2025-03-10 22:53,2025-03-11 02:53,2025-03-13 04:54,2025-03-13 05:31,하역중,420,30.0,0,50.0,0.6,2025-03-11
SH-1058,IMO9800007,WEST SEA PRIDE,벌크선,CNSHA,상하이항 (Shanghai),CN,KRGUN,군산항 (Gunsan),CP-PCB-01,PCB 기판 (Printed Circuit Board),전자부품,3766,매,2025-03-09 18:06,2025-03-11 08:37,2025-03-11 12:37,4,2025-03-11 16:37,2025-03-12 11:26,2025-03-14 06:21,2025-03-14 07:45,하역중,520,38.5,4,42.9,1.4,2025-03-12
SH-1059,IMO9800005,SUNRISE JEONBUK,벌크선,CNNBO,닝보항 (Ningbo),CN,KRGUN,군산항 (Gunsan),RM-PLS-01,PE 수지 (Polyethylene),화학,623,톤,2025-03-11 08:36,2025-03-12 23:14,2025-03-12 23:14,0,2025-03-13 00:14,2025-03-13 04:14,2025-03-14 04:37,2025-03-14 05:52,입항대기,560,38.6,1,24.4,1.3,2025-03-13
SH-1060,IMO9800005,SUNRISE JEONBUK,벌크선,CNSHA,상하이항 (Shanghai),CN,KRSMG,새만금항 (Saemangeum),RM-CPR-01,전해동판 (Copper Cathode),비철금속,1696,톤,2025-03-10 20:22,2025-03-12 08:55,2025-03-13 08:55,24,2025-03-13 12:55,2025-03-13 21:24,2025-03-14 09:33,2025-03-14 10:11,항해중,530,36.6,4,12.2,0.6,2025-03-13
SH-1061,IMO9800004,GUNSAN GLORY,컨테이너선,CNTSN,톈진항 (Tianjin),CN,KRSMG,새만금항 (Saemangeum),CP-BMS-01,BMS 모듈 (Battery Management),전자부품,864,개,2025-03-12 11:42,2025-03-13 18:19,2025-03-13 18:19,0,2025-03-13 19:19,2025-03-13 23:39,2025-03-14 15:23,2025-03-14 16:05,통관중,490,30.6,1,15.7,0.7,2025-03-14
SH-1062,IMO9800003,YELLOW SEA STAR,벌크선,JPTYO,도쿄항 (Tokyo),JP,KRSMG,새만금항 (Saemangeum),CP-BMS-01,BMS 모듈 (Battery Management),전자부품,2406,개,2025-03-11 18:11,2025-03-13 23:16,2025-03-13 23:16,0,2025-03-13 23:16,2025-03-14 11:17,2025-03-15 13:50,2025-03-15 14:54,하역중,690,53.1,0,26.5,1.1,2025-03-14
SH-1063,IMO9800002,KORYO DRAGON,컨테이너선,CNNBO,닝보항 (Ningbo),CN,KRGUN,군산항 (Gunsan),CP-BMS-01,BMS 모듈 (Battery Management),전자부품,8061,개,2025-03-12 09:01,2025-03-13 16:08,2025-03-14 16:08,24,2025-03-14 17:08,2025-03-16 09:26,2025-03-18 20:47,2025-03-18 21:25,항해중,560,31.1,1,59.4,0.6,2025-03-14
SH-1064,IMO9800002,KORYO DRAGON,컨테이너선,CNDLC,다롄항 (Dalian),CN,KRGUN,군산항 (Gunsan),CP-BMS-01,BMS 모듈 (Battery Management),전자부품,5901,개,2025-03-13 21:36,2025-03-14 20:56,2025-03-14 20:56,0,2025-03-14 20:56,2025-03-16 02:26,2025-03-18 02:53,2025-03-18 04:08,하역중,420,23.3,0,48.5,1.2,2025-03-15
SH-1065,IMO9800006,DONGBANG EXPRESS,컨테이너선,VNHPH,하이퐁항 (Hai Phong),VN,KRGUN,군산항 (Gunsan),RM-PLS-01,PE 수지 (Polyethylene),화학,1473,톤,2025-03-11 11:10,2025-03-14 18:35,2025-03-14 18:35,0,2025-03-14 19:35,2025-03-15 02:57,2025-03-16 02:09,2025-03-16 02:54,하역중,1350,79.4,1,23.2,0.8,2025-03-15
SH-1066,IMO9800007,WEST SEA PRIDE,벌크선,CNTSN,톈진항 (Tianjin),CN,KRGUN,군산항 (Gunsan),RM-CPR-01,전해동판 (Copper Cathode),비철금속,103,톤,2025-03-13 12:52,2025-03-15 00:25,2025-03-15 04:25,4,2025-03-15 12:25,2025-03-15 16:25,2025-03-16 04:44,2025-03-16 05:58,통관중,480,35.6,8,12.3,1.2,2025-03-16
SH-1067,IMO9800006,DONGBANG EXPRESS,컨테이너선,JPTYO,도쿄항 (Tokyo),JP,KRSMG,새만금항 (Saemangeum),RM-CPR-01,전해동판 (Copper Cathode),비철금속,1768,톤,2025-03-13 18:34,2025-03-15 11:09,2025-03-15 11:09,0,2025-03-15 13:09,2025-03-15 21:59,2025-03-16 21:13,2025-03-16 22:21,통관중,690,40.6,2,23.2,1.1,2025-03-16
SH-1068,IMO9800001,HANJIN SAEMANGEUM,벌크선,CNQDG,칭다오항 (Qingdao),CN,KRGUN,군산항 (Gunsan),RM-CHM-01,리튬 (Lithium Carbonate),화학,238,톤,2025-03-14 06:12,2025-03-15 09:20,2025-03-15 09:20,0,2025-03-15 10:20,2025-03-15 14:20,2025-03-18 10:15,2025-03-18 11:39,통관중,380,27.1,1,67.9,1.4,2025-03-16
SH-1069,IMO9800006,DONGBANG EXPRESS,컨테이너선,CNNBO,닝보항 (Ningbo),CN,KRGUN,군산항 (Gunsan),RM-ALM-01,알루미늄 잉곳 (Aluminum Ingot),비철금속,1719,톤,2025-03-14 01:53,2025-03-15 10:49,2025-03-15 10:49,0,2025-03-15 12:49,2025-03-15 21:25,2025-03-17 00:41,2025-03-17 02:20,통관중,560,32.9,2,27.3,1.6,2025-03-16
SH-1070,IMO9800008,SAEMANGEUM BRIDGE,컨테이너선,CNNBO,닝보항 (Ningbo),CN,KRGUN,군산항 (Gunsan),RM-RBR-01,합성고무 (Synthetic Rubber),화학,433,톤,2025-03-14 20:13,2025-03-16 01:41,2025-03-16 01:41,0,2025-03-16 09:41,2025-03-16 13:41,2025-03-19 09:40,2025-03-19 10:28,통관중,560,29.5,8,68.0,0.8,2025-03-17
SH-1071,IMO9800003,YELLOW SEA STAR,벌크선,VNHPH,하이퐁항 (Hai Phong),VN,KRSMG,새만금항 (Saemangeum),RM-CPR-01,전해동판 (Copper Cathode),비철금속,1352,톤,2025-03-12 14:13,2025-03-16 22:50,2025-03-16 22:50,0,2025-03-17 00:50,2025-03-17 07:36,2025-03-18 07:42,2025-03-18 08:26,입항대기,1360,104.6,2,24.1,0.7,2025-03-17
SH-1072,IMO9800005,SUNRISE JEONBUK,벌크선,CNDLC,다롄항 (Dalian),CN,KRGUN,군산항 (Gunsan),RM-CPR-01,전해동판 (Copper Cathode),비철금속,395,톤,2025-03-15 10:25,2025-03-16 15:23,2025-03-16 15:23,0,2025-03-16 15:23,2025-03-16 19:23,2025-03-18 10:30,2025-03-18 12:21,통관중,420,29.0,0,39.1,1.8,2025-03-17
SH-1073,IMO9800001,HANJIN SAEMANGEUM,벌크선,CNNBO,닝보항 (Ningbo),CN,KRSMG,새만금항 (Saemangeum),CP-BMS-01,BMS 모듈 (Battery Management),전자부품,4187,개,2025-03-15 22:45,2025-03-17 15:28,2025-03-17 15:28,0,2025-03-17 16:28,2025-03-18 13:24,2025-03-19 15:08,2025-03-19 16:17,하역중,570,40.7,1,25.7,1.1,2025-03-18
SH-1074,IMO9800003,YELLOW SEA STAR,벌크선,CNDLC,다롄항 (Dalian),CN,KRSMG,새만금항 (Saemangeum),CP-BMS-01,BMS 모듈 (Battery Management),전자부품,9169,개,2025-03-16 10:55,2025-03-17 19:59,2025-03-17 19:59,0,2025-03-17 20:59,2025-03-19 18:50,2025-03-22 12:28,2025-03-22 13:12,하역중,430,33.1,1,65.6,0.7,2025-03-18
SH-1075,IMO9800001,HANJIN SAEMANGEUM,벌크선,CNQDG,칭다오항 (Qingdao),CN,KRSMG,새만금항 (Saemangeum),RM-PLS-01,PE 수지 (Polyethylene),화학,1758,톤,2025-03-16 19:20,2025-03-17 23:11,2025-03-17 23:11,0,2025-03-18 01:11,2025-03-18 09:59,2025-03-20 19:15,2025-03-20 20:34,입항대기,390,27.9,2,57.3,1.3,2025-03-18
SH-1076,IMO9800005,SUNRISE JEONBUK,벌크선,CNTSN,톈진항 (Tianjin),CN,KRGUN,군산항 (Gunsan),CP-PCB-01,PCB 기판 (Printed Circuit Board),전자부품,4256,매,2025-03-17 01:56,2025-03-18 11:02,2025-03-18 11:02,0,2025-03-18 12:02,2025-03-19 09:19,2025-03-21 16:31,2025-03-21 18:03,하역중,480,33.1,1,55.2,1.5,2025-03-19
SH-1077,IMO9800004,GUNSAN GLORY,컨테이너선,CNQDG,칭다오항 (Qingdao),CN,KRGUN,군산항 (Gunsan),RM-ALM-01,알루미늄 잉곳 (Aluminum Ingot),비철금속,811,톤,2025-03-17 19:53,2025-03-18 19:38,2025-03-18 19:38,0,2025-03-18 20:38,2025-03-19 00:41,2025-03-20 14:06,2025-03-20 15:32,하역중,380,23.8,1,37.4,1.4,2025-03-19
SH-1078,IMO9800008,SAEMANGEUM BRIDGE,컨테이너선,CNSHA,상하이항 (Shanghai),CN,KRGUN,군산항 (Gunsan),RM-RBR-01,합성고무 (Synthetic Rubber),화학,1107,톤,2025-03-18 03:12,2025-03-19 06:34,2025-03-19 06:34,0,2025-03-19 06:34,2025-03-19 12:06,2025-03-21 17:54,2025-03-21 19:28,통관중,520,27.4,0,53.8,1.6,2025-03-20
SH-1079,IMO9800002,KORYO DRAGON,컨테이너선,CNTSN,톈진항 (Tianjin),CN,KRSMG,새만금항 (Saemangeum),RM-STL-01,열연강판 (Hot-Rolled Steel),철강,1849,톤,2025-03-18 10:35,2025-03-19 13:49,2025-03-19 13:49,0,2025-03-19 17:49,2025-03-20 03:03,2025-03-22 21:42,2025-03-22 22:33,하역중,490,27.2,4,66.6,0.9,2025-03-20
SH-1080,IMO9800002,KORYO DRAGON,컨테이너선,CNQDG,칭다오항 (Qingdao),CN,KRSMG,새만금항 (Saemangeum),RM-RBR-01,합성고무 (Synthetic Rubber),화학,760,톤,2025-03-18 18:21,2025-03-19 16:01,2025-03-19 16:01,0,2025-03-19 16:01,2025-03-19 20:01,2025-03-21 06:47,2025-03-21 07:35,통관중,390,21.7,0,34.8,0.8,2025-03-20
SH-1081,IMO9800001,HANJIN SAEMANGEUM,벌크선,CNTSN,톈진항 (Tianjin),CN,KRGUN,군산항 (Gunsan),RM-PLS-01,PE 수지 (Polyethylene),화학,1333,톤,2025-03-18 03:45,2025-03-19 14:03,2025-03-19 14:03,0,2025-03-19 18:03,2025-03-20 00:43,2025-03-21 17:34,2025-03-21 18:56,하역중,480,34.3,4,40.9,1.4,2025-03-20
SH-1082,IMO9800003,YELLOW SEA STAR,벌크선,CNQDG,칭다오항 (Qingdao),CN,KRSMG,새만금항 (Saemangeum),RM-CPR-01,전해동판 (Copper Cathode),비철금속,1102,톤,2025-03-19 14:01,2025-03-20 20:01,2025-03-21 00:01,4,2025-03-21 02:01,2025-03-21 07:32,2025-03-26 09:14,2025-03-26 10:00,항해중,390,30.0,2,121.7,0.8,2025-03-21
SH-1083,IMO9800001,HANJIN SAEMANGEUM,벌크선,CNNBO,닝보항 (Ningbo),CN,KRGUN,군산항 (Gunsan),RM-CHM-01,리튬 (Lithium Carbonate),화학,1264,톤,2025-03-19 08:04,2025-03-21 00:04,2025-03-21 00:04,0,2025-03-21 01:04,2025-03-21 07:23,2025-03-22 19:14,2025-03-22 20:56,통관중,560,40.0,1,35.8,1.7,2025-03-22
SH-1084,IMO9800006,DONGBANG EXPRESS,컨테이너선,CNNBO,닝보항 (Ningbo),CN,KRSMG,새만금항 (Saemangeum),CP-PCB-01,PCB 기판 (Printed Circuit Board),전자부품,1268,매,2025-03-20 05:24,2025-03-21 14:56,2025-03-21 14:56,0,2025-03-21 15:56,2025-03-21 22:16,2025-03-24 08:48,2025-03-24 10:05,통관중,570,33.5,1,58.5,1.3,2025-03-22
SH-1085,IMO9800004,GUNSAN GLORY,컨테이너선,CNNBO,닝보항 (Ningbo),CN,KRSMG,새만금항 (Saemangeum),RM-STL-01,열연강판 (Hot-Rolled Steel),철강,899,톤,2025-03-20 08:38,2025-03-21 20:16,2025-03-22 20:16,24,2025-03-23 00:16,2025-03-23 04:46,2025-03-24 09:06,2025-03-24 10:23,항해중,570,35.6,4,28.3,1.3,2025-03-22
SH-1086,IMO9800001,HANJIN SAEMANGEUM,벌크선,VNHPH,하이퐁항 (Hai Phong),VN,KRSMG,새만금항 (Saemangeum),CP-BMS-01,BMS 모듈 (Battery Management),전자부품,6454,개,2025-03-17 02:02,2025-03-21 03:11,2025-03-21 03:11,0,2025-03-21 04:11,2025-03-22 12:27,2025-03-23 14:19,2025-03-23 14:51,하역중,1360,97.1,1,25.9,0.5,2025-03-22
SH-1087,IMO9800007,WEST SEA PRIDE,벌크선,CNQDG,칭다오항 (Qingdao),CN,KRSMG,새만금항 (Saemangeum),RM-PLS-01,PE 수지 (Polyethylene),화학,1243,톤,2025-03-21 13:23,2025-03-22 18:17,2025-03-22 20:17,2,2025-03-22 22:17,2025-03-23 04:29,2025-03-25 16:54,2025-03-25 18:49,하역중,390,28.9,2,60.4,1.9,2025-03-23
SH-1088,IMO9800006,DONGBANG EXPRESS,컨테이너선,CNNBO,닝보항 (Ningbo),CN,KRGUN,군산항 (Gunsan),CP-BMS-01,BMS 모듈 (Battery Management),전자부품,4195,개,2025-03-21 23:51,2025-03-23 08:48,2025-03-23 08:48,0,2025-03-23 10:48,2025-03-24 07:46,2025-03-25 06:39,2025-03-25 07:47,하역중,560,32.9,2,22.9,1.1,2025-03-24
SH-1089,IMO9800007,WEST SEA PRIDE,벌크선,CNNBO,닝보항 (Ningbo),CN,KRGUN,군산항 (Gunsan),RM-PLS-01,PE 수지 (Polyethylene),화학,360,톤,2025-03-22 21:24,2025-03-24 14:53,2025-03-24 14:53,0,2025-03-24 14:53,2025-03-24 18:53,2025-03-26 03:35,2025-03-26 04:38,통관중,560,41.5,0,32.7,1.0,2025-03-25
SH-1090,IMO9800005,SUNRISE JEONBUK,벌크선,CNQDG,칭다오항 (Qingdao),CN,KRSMG,새만금항 (Saemangeum),RM-CHM-01,리튬 (Lithium Carbonate),화학,1850,톤,2025-03-23 02:23,2025-03-24 05:17,2025-03-24 11:17,6,2025-03-24 19:17,2025-03-25 04:32,2025-03-27 16:31,2025-03-27 17:03,하역중,390,26.9,8,60.0,0.5,2025-03-25
SH-1091,IMO9800006,DONGBANG EXPRESS,컨테이너선,CNTSN,톈진항 (Tianjin),CN,KRSMG,새만금항 (Saemangeum),RM-STL-01,열연강판 (Hot-Rolled Steel),철강,541,톤,2025-03-23 12:59,2025-03-24 17:48,2025-03-25 05:48,12,2025-03-25 13:48,2025-03-25 17:48,2025-03-28 11:50,2025-03-28 13:22,항해중,490,28.8,8,66.0,1.5,2025-03-25
SH-1092,IMO9800006,DONGBANG EXPRESS,컨테이너선,CNTSN,톈진항 (Tianjin),CN,KRSMG,새만금항 (Saemangeum),RM-ALM-01,알루미늄 잉곳 (Aluminum Ingot),비철금속,687,톤,2025-03-23 07:13,2025-03-24 12:02,2025-03-24 16:02,4,2025-03-24 17:02,2025-03-24 21:02,2025-03-27 07:17,2025-03-27 09:08,통관중,490,28.8,1,58.2,1.9,2025-03-25
SH-1093,IMO9800008,SAEMANGEUM BRIDGE,컨테이너선,CNTSN,톈진항 (Tianjin),CN,KRSMG,새만금항 (Saemangeum),RM-ALM-01,알루미늄 잉곳 (Aluminum Ingot),비철금속,1599,톤,2025-03-24 18:00,2025-03-25 19:47,2025-03-25 19:47,0,2025-03-25 20:47,2025-03-26 04:47,2025-03-28 15:02,2025-03-28 16:04,하역중,490,25.8,1,58.3,1.0,2025-03-26
SH-1094,IMO9800006,DONGBANG EXPRESS,컨테이너선,CNQDG,칭다오항 (Qingdao),CN,KRGUN,군산항 (Gunsan),RM-CPR-01,전해동판 (Copper Cathode),비철금속,775,톤,2025-03-24 07:08,2025-03-25 05:29,2025-03-25 17:29,12,2025-03-25 18:29,2025-03-25 22:29,2025-03-28 05:38,2025-03-28 06:59,통관중,380,22.4,1,55.1,1.3,2025-03-26
SH-1095,IMO9800002,KORYO DRAGON,컨테이너선,CNDLC,다롄항 (Dalian),CN,KRSMG,새만금항 (Saemangeum),CP-BMS-01,BMS 모듈 (Battery Management),전자부품,2262,개,2025-03-24 06:31,2025-03-25 06:25,2025-03-25 06:25,0,2025-03-25 06:25,2025-03-25 17:43,2025-03-28 08:13,2025-03-28 10:09,통관중,430,23.9,0,62.5,1.9,2025-03-26
SH-1096,IMO9800003,YELLOW SEA STAR,벌크선,CNTSN,톈진항 (Tianjin),CN,KRGUN,군산항 (Gunsan),RM-ALM-01,알루미늄 잉곳 (Aluminum Ingot),비철금속,160,톤,2025-03-24 02:48,2025-03-25 15:44,2025-03-25 15:44,0,2025-03-25 16:44,2025-03-25 20:44,2025-03-28 02:02,2025-03-28 02:54,통관중,480,36.9,1,53.3,0.9,2025-03-26
SH-1097,IMO9800005,SUNRISE JEONBUK,벌크선,CNDLC,다롄항 (Dalian),CN,KRGUN,군산항 (Gunsan),RM-CHM-01,리튬 (Lithium Carbonate),화학,916,톤,2025-03-25 04:52,2025-03-26 09:50,2025-03-26 09:50,0,2025-03-26 09:50,2025-03-26 14:24,2025-03-27 10:37,2025-03-27 11:47,통관중,420,29.0,0,20.2,1.2,2025-03-27
SH-1098,IMO9800007,WEST SEA PRIDE,벌크선,CNTSN,톈진항 (Tianjin),CN,KRSMG,새만금항 (Saemangeum),RM-CHM-01,리튬 (Lithium Carbonate),화학,473,톤,2025-03-24 18:07,2025-03-26 06:25,2025-03-26 06:25,0,2025-03-26 08:25,2025-03-26 12:25,2025-03-28 14:39,2025-03-28 16:30,통관중,490,36.3,2,50.2,1.9,2025-03-27
SH-1099,IMO9800004,GUNSAN GLORY,컨테이너선,CNDLC,다롄항 (Dalian),CN,KRGUN,군산항 (Gunsan),CP-BMS-01,BMS 모듈 (Battery Management),전자부품,6413,개,2025-03-25 05:40,2025-03-26 07:55,2025-03-26 13:55,6,2025-03-26 21:55,2025-03-28 05:59,2025-03-30 04:03,2025-03-30 04:36,하역중,420,26.2,8,46.1,0.6,2025-03-27
SH-1100,IMO9800001,HANJIN SAEMANGEUM,벌크선,VNHPH,하이퐁항 (Hai Phong),VN,KRSMG,새만금항 (Saemangeum),RM-CPR-01,전해동판 (Copper Cathode),비철금속,1034,톤,2025-03-23 00:11,2025-03-27 01:20,2025-03-27 01:20,0,2025-03-27 05:20,2025-03-27 10:30,2025-03-29 01:48,2025-03-29 03:16,통관중,1360,97.1,4,39.3,1.5,2025-03-28
SH-1101,IMO9800006,DONGBANG EXPRESS,컨테이너선,CNNBO,닝보항 (Ningbo),CN,KRSMG,새만금항 (Saemangeum),CP-BMS-01,BMS 모듈 (Battery Management),전자부품,4778,개,2025-03-26 02:55,2025-03-27 12:27,2025-03-27 12:27,0,2025-03-27 13:27,2025-03-28 13:20,2025-03-30 01:36,2025-03-30 03:19,하역중,570,33.5,1,36.3,1.7,2025-03-28
SH-1102,IMO9800004,GUNSAN GLORY,컨테이너선,CNDLC,다롄항 (Dalian),CN,KRSMG,새만금항 (Saemangeum),RM-PLS-01,PE 수지 (Polyethylene),화학,1573,톤,2025-03-26 08:38,2025-03-27 11:30,2025-03-27 11:30,0,2025-03-27 15:30,2025-03-27 23:22,2025-03-28 12:50,2025-03-28 13:22,통관중,430,26.9,4,13.5,0.5,2025-03-28
SH-1103,IMO9800005,SUNRISE JEONBUK,벌크선,VNHPH,하이퐁항 (Hai Phong),VN,KRSMG,새만금항 (Saemangeum),RM-ALM-01,알루미늄 잉곳 (Aluminum Ingot),비철금속,576,톤,2025-03-24 02:15,2025-03-28 00:02,2025-03-28 00:02,0,2025-03-28 02:02,2025-03-28 06:02,2025-03-28 20:18,2025-03-28 21:40,입고완료,1360,93.8,2,14.3,1.4,2025-03-29
SH-1104,IMO9800004,GUNSAN GLORY,컨테이너선,CNNBO,닝보항 (Ningbo),CN,KRGUN,군산항 (Gunsan),CP-BMS-01,BMS 모듈 (Battery Management),전자부품,4260,개,2025-03-27 04:55,2025-03-28 15:55,2025-03-28 15:55,0,2025-03-28 17:55,2025-03-29 15:13,2025-03-30 09:51,2025-03-30 10:47,하역중,560,35.0,2,18.6,0.9,2025-03-29
SH-1105,IMO9800004,GUNSAN GLORY,컨테이너선,CNQDG,칭다오항 (Qingdao),CN,KRGUN,군산항 (Gunsan),RM-ALM-01,알루미늄 잉곳 (Aluminum Ingot),비철금속,916,톤,2025-03-27 23:49,2025-03-28 23:34,2025-03-28 23:34,0,2025-03-29 00:34,2025-03-29 05:09,2025-03-30 16:38,2025-03-30 18:35,입항대기,380,23.8,1,35.5,1.9,2025-03-29
SH-1106,IMO9800005,SUNRISE JEONBUK,벌크선,CNQDG,칭다오항 (Qingdao),CN,KRSMG,새만금항 (Saemangeum),RM-PLS-01,PE 수지 (Polyethylene),화학,1185,톤,2025-03-26 21:31,2025-03-28 00:25,2025-03-28 00:25,0,2025-03-28 01:25,2025-03-28 07:20,2025-03-30 08:09,2025-03-30 10:08,통관중,390,26.9,1,48.8,2.0,2025-03-29
SH-1107,IMO9800004,GUNSAN GLORY,컨테이너선,CNDLC,다롄항 (Dalian),CN,KRSMG,새만금항 (Saemangeum),RM-PLS-01,PE 수지 (Polyethylene),화학,317,톤,2025-03-28 08:49,2025-03-29 11:41,2025-03-29 11:41,0,2025-03-29 11:41,2025-03-29 15:41,2025-03-30 05:53,2025-03-30 07:38,통관중,430,26.9,0,14.2,1.7,2025-03-30
SH-1108,IMO9800005,SUNRISE JEONBUK,벌크선,CNTSN,톈진항 (Tianjin),CN,KRGUN,군산항 (Gunsan),RM-PLS-01,PE 수지 (Polyethylene),화학,1613,톤,2025-03-28 02:27,2025-03-29 11:33,2025-03-29 11:33,0,2025-03-29 12:33,2025-03-29 20:37,2025-03-31 15:32,2025-03-31 17:32,통관중,480,33.1,1,42.9,2.0,2025-03-30
SH-1109,IMO9800003,YELLOW SEA STAR,벌크선,CNTSN,톈진항 (Tianjin),CN,KRSMG,새만금항 (Saemangeum),RM-RBR-01,합성고무 (Synthetic Rubber),화학,1390,톤,2025-03-29 09:28,2025-03-30 23:09,2025-03-30 23:09,0,2025-03-31 03:09,2025-03-31 10:06,2025-04-03 02:45,2025-04-03 03:27,입항대기,490,37.7,4,64.6,0.7,2025-03-31
SH-1110,IMO9800001,HANJIN SAEMANGEUM,벌크선,VNHPH,하이퐁항 (Hai Phong),VN,KRSMG,새만금항 (Saemangeum),RM-CPR-01,전해동판 (Copper Cathode),비철금속,1054,톤,2025-03-26 03:25,2025-03-30 04:34,2025-03-30 04:34,0,2025-03-30 05:34,2025-03-30 10:50,2025-03-31 15:43,2025-03-31 16:13,통관중,1360,97.1,1,28.9,0.5,2025-03-31
SH-1111,IMO9800003,YELLOW SEA STAR,벌크선,CNSHA,상하이항 (Shanghai),CN,KRGUN,군산항 (Gunsan),RM-PLS-01,PE 수지 (Polyethylene),화학,1237,톤,2025-03-28 08:54,2025-03-30 00:54,2025-03-31 00:54,24,2025-03-31 08:54,2025-03-31 15:05,2025-04-02 08:48,2025-04-02 10:11,항해중,520,40.0,8,41.7,1.4,2025-03-31
SH-1112,IMO9800002,KORYO DRAGON,컨테이너선,CNNBO,닝보항 (Ningbo),CN,KRSMG,새만금항 (Saemangeum),RM-CPR-01,전해동판 (Copper Cathode),비철금속,1270,톤,2025-03-29 02:45,2025-03-30 10:25,2025-03-30 10:25,0,2025-03-30 14:25,2025-03-30 20:46,2025-04-02 12:51,2025-04-02 13:35,통관중,570,31.7,4,64.1,0.7,2025-03-31
SH-1113,IMO9800005,SUNRISE JEONBUK,벌크선,CNQDG,칭다오항 (Qingdao),CN,KRSMG,새만금항 (Saemangeum),RM-CPR-01,전해동판 (Copper Cathode),비철금속,232,톤,2025-03-30 18:33,2025-03-31 21:27,2025-03-31 21:27,0,2025-03-31 21:27,2025-04-01 01:27,2025-04-03 18:18,2025-04-03 18:51,하역중,390,26.9,0,64.9,0.5,2025-04-01
SH-1114,IMO9800007,WEST SEA PRIDE,벌크선,CNSHA,상하이항 (Shanghai),CN,KRGUN,군산항 (Gunsan),RM-ALM-01,알루미늄 잉곳 (Aluminum Ingot),비철금속,1647,톤,2025-03-29 15:38,2025-03-31 06:09,2025-03-31 18:09,12,2025-03-31 20:09,2025-04-01 04:23,2025-04-01 16:46,2025-04-01 18:11,하역중,520,38.5,2,12.4,1.4,2025-04-01
SH-1115,IMO9800001,HANJIN SAEMANGEUM,벌크선,CNQDG,칭다오항 (Qingdao),CN,KRSMG,새만금항 (Saemangeum),CP-PCB-01,PCB 기판 (Printed Circuit Board),전자부품,5852,매,2025-03-31 07:10,2025-04-01 11:02,2025-04-01 11:02,0,2025-04-01 11:02,2025-04-02 16:18,2025-04-05 14:04,2025-04-05 15:31,하역중,390,27.9,0,69.8,1.4,2025-04-02
SH-1116,IMO9800006,DONGBANG EXPRESS,컨테이너선,CNSHA,상하이항 (Shanghai),CN,KRSMG,새만금항 (Saemangeum),RM-PLS-01,PE 수지 (Polyethylene),화학,1017,톤,2025-03-31 00:18,2025-04-01 07:29,2025-04-01 11:29,4,2025-04-01 13:29,2025-04-01 18:34,2025-04-04 01:05,2025-04-04 01:40,통관중,530,31.2,2,54.5,0.6,2025-04-02
SH-1117,IMO9800008,SAEMANGEUM BRIDGE,컨테이너선,JPTYO,도쿄항 (Tokyo),JP,KRSMG,새만금항 (Saemangeum),RM-CPR-01,전해동판 (Copper Cathode),비철금속,1047,톤,2025-03-30 19:27,2025-04-01 07:46,2025-04-01 07:46,0,2025-04-01 08:46,2025-04-01 14:00,2025-04-05 01:05,2025-04-05 02:05,통관중,690,36.3,1,83.1,1.0,2025-04-02
SH-1118,IMO9800007,WEST SEA PRIDE,벌크선,CNDLC,다롄항 (Dalian),CN,KRSMG,새만금항 (Saemangeum),CP-PCB-01,PCB 기판 (Printed Circuit Board),전자부품,7766,매,2025-03-31 05:26,2025-04-01 13:17,2025-04-01 13:17,0,2025-04-01 21:17,2025-04-03 12:07,2025-04-05 03:12,2025-04-05 04:54,하역중,430,31.9,8,39.1,1.7,2025-04-02
SH-1119,IMO9800004,GUNSAN GLORY,컨테이너선,CNSHA,상하이항 (Shanghai),CN,KRSMG,새만금항 (Saemangeum),CP-PCB-01,PCB 기판 (Printed Circuit Board),전자부품,1488,매,2025-03-31 23:10,2025-04-02 08:17,2025-04-02 08:17,0,2025-04-02 16:17,2025-04-02 23:43,2025-04-05 20:20,2025-04-05 21:48,통관중,530,33.1,8,68.6,1.5,2025-04-03
SH-1120,IMO9800006,DONGBANG EXPRESS,컨테이너선,CNQDG,칭다오항 (Qingdao),CN,KRSMG,새만금항 (Saemangeum),RM-CPR-01,전해동판 (Copper Cathode),비철금속,1286,톤,2025-04-01 15:14,2025-04-02 14:10,2025-04-02 14:10,0,2025-04-02 14:10,2025-04-02 20:36,2025-04-03 10:28,2025-04-03 11:31,통관중,390,22.9,0,13.9,1.1,2025-04-03
SH-1121,IMO9800007,WEST SEA PRIDE,벌크선,CNNBO,닝보항 (Ningbo),CN,KRSMG,새만금항 (Saemangeum),RM-CHM-01,리튬 (Lithium Carbonate),화학,690,톤,2025-04-01 01:19,2025-04-02 19:32,2025-04-02 19:32,0,2025-04-02 21:32,2025-04-03 01:32,2025-04-04 16:46,2025-04-04 17:17,하역중,570,42.2,2,39.2,0.5,2025-04-03
SH-1122,IMO9800004,GUNSAN GLORY,컨테이너선,VNHPH,하이퐁항 (Hai Phong),VN,KRSMG,새만금항 (Saemangeum),RM-PLS-01,PE 수지 (Polyethylene),화학,554,톤,2025-03-31 06:32,2025-04-03 19:32,2025-04-03 19:32,0,2025-04-03 19:32,2025-04-03 23:32,2025-04-04 19:03,2025-04-04 20:12,통관중,1360,85.0,0,19.5,1.1,2025-04-04
SH-1123,IMO9800006,DONGBANG EXPRESS,컨테이너선,CNTSN,톈진항 (Tianjin),CN,KRGUN,군산항 (Gunsan),CP-PCB-01,PCB 기판 (Printed Circuit Board),전자부품,9086,매,2025-04-02 05:47,2025-04-03 10:01,2025-04-03 10:01,0,2025-04-03 12:01,2025-04-05 09:27,2025-04-08 08:31,2025-04-08 09:43,하역중,480,28.2,2,71.1,1.2,2025-04-04
SH-1124,IMO9800006,DONGBANG EXPRESS,컨테이너선,CNNBO,닝보항 (Ningbo),CN,KRSMG,새만금항 (Saemangeum),CP-PCB-01,PCB 기판 (Printed Circuit Board),전자부품,2543,매,2025-04-01 21:08,2025-04-03 06:40,2025-04-03 06:40,0,2025-04-03 08:40,2025-04-03 21:23,2025-04-08 18:46,2025-04-08 19:26,통관중,570,33.5,2,117.4,0.7,2025-04-04
SH-1125,IMO9800001,HANJIN SAEMANGEUM,벌크선,CNSHA,상하이항 (Shanghai),CN,KRGUN,군산항 (Gunsan),RM-RBR-01,합성고무 (Synthetic Rubber),화학,341,톤,2025-04-02 20:01,2025-04-04 09:09,2025-04-04 09:09,0,2025-04-04 10:09,2025-04-04 14:09,2025-04-05 21:45,2025-04-05 22:23,통관중,520,37.1,1,31.6,0.6,2025-04-05
SH-1126,IMO9800005,SUNRISE JEONBUK,벌크선,CNSHA,상하이항 (Shanghai),CN,KRGUN,군산항 (Gunsan),RM-RBR-01,합성고무 (Synthetic Rubber),화학,242,톤,2025-04-03 02:36,2025-04-04 14:28,2025-04-04 20:28,6,2025-04-04 22:28,2025-04-05 02:28,2025-04-06 02:28,2025-04-06 03:08,하역중,520,35.9,2,24.0,0.7,2025-04-05
SH-1127,IMO9800003,YELLOW SEA STAR,벌크선,CNSHA,상하이항 (Shanghai),CN,KRSMG,새만금항 (Saemangeum),RM-CPR-01,전해동판 (Copper Cathode),비철금속,1387,톤,2025-04-04 05:59,2025-04-05 22:45,2025-04-05 22:45,0,2025-04-06 00:45,2025-04-06 07:41,2025-04-09 04:31,2025-04-09 06:12,입항대기,530,40.8,2,68.8,1.7,2025-04-06
SH-1128,IMO9800007,WEST SEA PRIDE,벌크선,CNTSN,톈진항 (Tianjin),CN,KRSMG,새만금항 (Saemangeum),RM-CPR-01,전해동판 (Copper Cathode),비철금속,994,톤,2025-04-03 22:25,2025-04-05 10:43,2025-04-05 10:43,0,2025-04-05 12:43,2025-04-05 17:41,2025-04-07 20:18,2025-04-07 21:54,통관중,490,36.3,2,50.6,1.6,2025-04-06
SH-1129,IMO9800003,YELLOW SEA STAR,벌크선,CNSHA,상하이항 (Shanghai),CN,KRGUN,군산항 (Gunsan),RM-ALM-01,알루미늄 잉곳 (Aluminum Ingot),비철금속,1690,톤,2025-04-04 04:10,2025-04-05 20:10,2025-04-05 20:10,0,2025-04-05 20:10,2025-04-06 04:37,2025-04-07 20:49,2025-04-07 22:38,하역중,520,40.0,0,40.2,1.8,2025-04-06
SH-1130,IMO9800008,SAEMANGEUM BRIDGE,컨테이너선,CNQDG,칭다오항 (Qingdao),CN,KRGUN,군산항 (Gunsan),RM-CPR-01,전해동판 (Copper Cathode),비철금속,1182,톤,2025-04-05 12:19,2025-04-06 08:19,2025-04-06 08:19,0,2025-04-06 09:19,2025-04-06 15:13,2025-04-08 18:15,2025-04-08 19:46,통관중,380,20.0,1,51.0,1.5,2025-04-07
SH-1131,IMO9800005,SUNRISE JEONBUK,벌크선,CNSHA,상하이항 (Shanghai),CN,KRGUN,군산항 (Gunsan),RM-RBR-01,합성고무 (Synthetic Rubber),화학,1056,톤,2025-04-05 01:02,2025-04-06 12:53,2025-04-06 12:53,0,2025-04-06 14:53,2025-04-06 20:10,2025-04-09 10:57,2025-04-09 12:33,통관중,520,35.9,2,62.8,1.6,2025-04-07
SH-1132,IMO9800004,GUNSAN GLORY,컨테이너선,CNTSN,톈진항 (Tianjin),CN,KRGUN,군산항 (Gunsan),CP-PCB-01,PCB 기판 (Printed Circuit Board),전자부품,1894,매,2025-04-06 03:53,2025-04-07 09:53,2025-04-07 13:53,4,2025-04-07 14:53,2025-04-08 00:21,2025-04-09 05:23,2025-04-09 06:27,하역중,480,30.0,1,29.0,1.1,2025-04-08
SH-1133,IMO9800002,KORYO DRAGON,컨테이너선,JPTYO,도쿄항 (Tokyo),JP,KRGUN,군산항 (Gunsan),CP-PCB-01,PCB 기판 (Printed Circuit Board),전자부품,9631,매,2025-04-05 15:35,2025-04-07 05:22,2025-04-07 05:22,0,2025-04-07 06:22,2025-04-09 06:31,2025-04-10 16:54,2025-04-10 18:01,하역중,680,37.8,1,34.4,1.1,2025-04-08
SH-1134,IMO9800006,DONGBANG EXPRESS,컨테이너선,CNNBO,닝보항 (Ningbo),CN,KRGUN,군산항 (Gunsan),RM-PLS-01,PE 수지 (Polyethylene),화학,1207,톤,2025-04-06 05:20,2025-04-07 14:16,2025-04-07 14:16,0,2025-04-07 15:16,2025-04-07 21:18,2025-04-09 20:53,2025-04-09 21:58,통관중,560,32.9,1,47.6,1.1,2025-04-08
SH-1135,IMO9800002,KORYO DRAGON,컨테이너선,CNDLC,다롄항 (Dalian),CN,KRGUN,군산항 (Gunsan),RM-CPR-01,전해동판 (Copper Cathode),비철금속,1518,톤,2025-04-07 06:06,2025-04-08 05:26,2025-04-09 17:26,36,2025-04-09 18:26,2025-04-10 02:01,2025-04-12 19:02,2025-04-12 20:02,항해중,420,23.3,1,65.0,1.0,2025-04-09
SH-1136,IMO9800005,SUNRISE JEONBUK,벌크선,CNDLC,다롄항 (Dalian),CN,KRGUN,군산항 (Gunsan),RM-ALM-01,알루미늄 잉곳 (Aluminum Ingot),비철금속,412,톤,2025-04-07 08:14,2025-04-08 13:12,2025-04-08 13:12,0,2025-04-08 17:12,2025-04-08 21:12,2025-04-09 19:14,2025-04-09 19:47,통관중,420,29.0,4,22.0,0.6,2025-04-09
SH-1137,IMO9800005,SUNRISE JEONBUK,벌크선,CNDLC,다롄항 (Dalian),CN,KRGUN,군산항 (Gunsan),CP-BMS-01,BMS 모듈 (Battery Management),전자부품,2242,개,2025-04-06 22:46,2025-04-08 03:44,2025-04-08 03:44,0,2025-04-08 04:44,2025-04-08 15:56,2025-04-10 13:26,2025-04-10 13:59,통관중,420,29.0,1,45.5,0.6,2025-04-09
SH-1138,IMO9800006,DONGBANG EXPRESS,컨테이너선,CNSHA,상하이항 (Shanghai),CN,KRGUN,군산항 (Gunsan),RM-ALM-01,알루미늄 잉곳 (Aluminum Ingot),비철금속,584,톤,2025-04-07 16:10,2025-04-08 22:45,2025-04-08 22:45,0,2025-04-08 22:45,2025-04-09 02:45,2025-04-11 22:47,2025-04-12 00:03,하역중,520,30.6,0,68.0,1.3,2025-04-09
SH-1139,IMO9800002,KORYO DRAGON,컨테이너선,VNHPH,하이퐁항 (Hai Phong),VN,KRSMG,새만금항 (Saemangeum),RM-CHM-01,리튬 (Lithium Carbonate),화학,1308,톤,2025-04-06 20:19,2025-04-09 23:52,2025-04-09 23:52,0,2025-04-10 00:52,2025-04-10 07:25,2025-04-12 06:13,2025-04-12 07:30,입항대기,1360,75.6,1,46.8,1.3,2025-04-10
SH-1140,IMO9800006,DONGBANG EXPRESS,컨테이너선,CNSHA,상하이항 (Shanghai),CN,KRGUN,군산항 (Gunsan),RM-CHM-01,리튬 (Lithium Carbonate),화학,1131,톤,2025-04-09 13:58,2025-04-10 20:33,2025-04-10 20:33,0,2025-04-10 22:33,2025-04-11 04:12,2025-04-17 02:49,2025-04-17 03:59,하역중,520,30.6,2,142.6,1.2,2025-04-11
SH-1141,IMO9800005,SUNRISE JEONBUK,벌크선,CNQDG,칭다오항 (Qingdao),CN,KRSMG,새만금항 (Saemangeum),CP-BMS-01,BMS 모듈 (Battery Management),전자부품,6757,개,2025-04-09 00:59,2025-04-10 03:53,2025-04-10 03:53,0,2025-04-10 05:53,2025-04-11 15:40,2025-04-12 18:19,2025-04-12 20:06,하역중,390,26.9,2,26.6,1.8,2025-04-11
SH-1142,IMO9800003,YELLOW SEA STAR,벌크선,CNDLC,다롄항 (Dalian),CN,KRSMG,새만금항 (Saemangeum),CP-PCB-01,PCB 기판 (Printed Circuit Board),전자부품,8625,매,2025-04-10 00:30,2025-04-11 09:35,2025-04-11 09:35,0,2025-04-11 11:35,2025-04-13 06:42,2025-04-15 10:10,2025-04-15 10:45,하역중,430,33.1,2,51.5,0.6,2025-04-12
SH-1143,IMO9800001,HANJIN SAEMANGEUM,벌크선,CNNBO,닝보항 (Ningbo),CN,KRSMG,새만금항 (Saemangeum),RM-STL-01,열연강판 (Hot-Rolled Steel),철강,1447,톤,2025-04-09 12:30,2025-04-11 05:13,2025-04-11 05:13,0,2025-04-11 07:13,2025-04-11 14:27,2025-04-13 17:29,2025-04-13 19:22,통관중,570,40.7,2,51.0,1.9,2025-04-12
SH-1144,IMO9800003,YELLOW SEA STAR,벌크선,VNHPH,하이퐁항 (Hai Phong),VN,KRSMG,새만금항 (Saemangeum),RM-RBR-01,합성고무 (Synthetic Rubber),화학,921,톤,2025-04-07 07:46,2025-04-11 16:23,2025-04-11 16:23,0,2025-04-11 16:23,2025-04-11 20:59,2025-04-13 23:56,2025-04-14 01:22,통관중,1360,104.6,0,50.9,1.4,2025-04-12
SH-1145,IMO9800007,WEST SEA PRIDE,벌크선,CNNBO,닝보항 (Ningbo),CN,KRGUN,군산항 (Gunsan),RM-PLS-01,PE 수지 (Polyethylene),화학,201,톤,2025-04-10 16:12,2025-04-12 09:41,2025-04-12 09:41,0,2025-04-12 10:41,2025-04-12 14:41,2025-04-13 07:04,2025-04-13 08:34,통관중,560,41.5,1,16.4,1.5,2025-04-13
SH-1146,IMO9800002,KORYO DRAGON,컨테이너선,CNNBO,닝보항 (Ningbo),CN,KRGUN,군산항 (Gunsan),RM-ALM-01,알루미늄 잉곳 (Aluminum Ingot),비철금속,728,톤,2025-04-10 20:10,2025-04-12 03:16,2025-04-12 03:16,0,2025-04-12 04:16,2025-04-12 08:16,2025-04-14 21:06,2025-04-14 21:49,통관중,560,31.1,1,60.8,0.7,2025-04-13
SH-1147,IMO9800008,SAEMANGEUM BRIDGE,컨테이너선,CNQDG,칭다오항 (Qingdao),CN,KRGUN,군산항 (Gunsan),RM-PLS-01,PE 수지 (Polyethylene),화학,463,톤,2025-04-11 18:32,2025-04-12 14:32,2025-04-12 14:32,0,2025-04-12 16:32,2025-04-12 20:32,2025-04-17 07:57,2025-04-17 08:28,통관중,380,20.0,2,107.4,0.5,2025-04-13
SH-1148,IMO9800004,GUNSAN GLORY,컨테이너선,CNQDG,칭다오항 (Qingdao),CN,KRSMG,새만금항 (Saemangeum),CP-BMS-01,BMS 모듈 (Battery Management),전자부품,6512,개,2025-04-12 22:10,2025-04-13 22:33,2025-04-13 22:33,0,2025-04-13 22:33,2025-04-15 07:06,2025-04-17 08:09,2025-04-17 09:39,하역중,390,24.4,0,49.0,1.5,2025-04-14
SH-1149,IMO9800005,SUNRISE JEONBUK,벌크선,CNTSN,톈진항 (Tianjin),CN,KRSMG,새만금항 (Saemangeum),CP-BMS-01,BMS 모듈 (Battery Management),전자부품,7287,개,2025-04-12 12:03,2025-04-13 21:50,2025-04-13 21:50,0,2025-04-13 21:50,2025-04-15 10:17,2025-04-17 23:40,2025-04-18 00:21,하역중,490,33.8,0,61.4,0.7,2025-04-14
SH-1150,IMO9800004,GUNSAN GLORY,컨테이너선,CNDLC,다롄항 (Dalian),CN,KRGUN,군산항 (Gunsan),RM-ALM-01,알루미늄 잉곳 (Aluminum Ingot),비철금속,1051,톤,2025-04-12 14:39,2025-04-13 16:54,2025-04-13 16:54,0,2025-04-13 16:54,2025-04-13 22:10,2025-04-16 19:56,2025-04-16 21:39,통관중,420,26.2,0,69.8,1.7,2025-04-14
SH-1151,IMO9800008,SAEMANGEUM BRIDGE,컨테이너선,CNTSN,톈진항 (Tianjin),CN,KRSMG,새만금항 (Saemangeum),RM-PLS-01,PE 수지 (Polyethylene),화학,1149,톤,2025-04-13 07:46,2025-04-14 09:33,2025-04-14 09:33,0,2025-04-14 13:33,2025-04-14 19:18,2025-04-15 20:01,2025-04-15 21:08,통관중,490,25.8,4,24.7,1.1,2025-04-15
SH-1152,IMO9800005,SUNRISE JEONBUK,벌크선,VNHPH,하이퐁항 (Hai Phong),VN,KRGUN,군산항 (Gunsan),RM-ALM-01,알루미늄 잉곳 (Aluminum Ingot),비철금속,630,톤,2025-04-10 21:12,2025-04-14 18:18,2025-04-14 18:18,0,2025-04-14 18:18,2025-04-14 22:18,2025-04-17 13:23,2025-04-17 15:05,통관중,1350,93.1,0,63.1,1.7,2025-04-15
SH-1153,IMO9800003,YELLOW SEA STAR,벌크선,CNSHA,상하이항 (Shanghai),CN,KRGUN,군산항 (Gunsan),RM-CHM-01,리튬 (Lithium Carbonate),화학,772,톤,2025-04-13 04:19,2025-04-14 20:19,2025-04-14 20:19,0,2025-04-15 00:19,2025-04-15 04:19,2025-04-17 07:02,2025-04-17 08:29,입항대기,520,40.0,4,50.7,1.5,2025-04-15
SH-1154,IMO9800008,SAEMANGEUM BRIDGE,컨테이너선,CNQDG,칭다오항 (Qingdao),CN,KRGUN,군산항 (Gunsan),RM-CPR-01,전해동판 (Copper Cathode),비철금속,1926,톤,2025-04-14 13:43,2025-04-15 09:43,2025-04-15 09:43,0,2025-04-15 17:43,2025-04-16 03:21,2025-04-18 03:11,2025-04-18 04:20,하역중,380,20.0,8,47.8,1.2,2025-04-16
SH-1155,IMO9800005,SUNRISE JEONBUK,벌크선,CNDLC,다롄항 (Dalian),CN,KRGUN,군산항 (Gunsan),CP-BMS-01,BMS 모듈 (Battery Management),전자부품,1625,개,2025-04-14 10:50,2025-04-15 15:48,2025-04-15 15:48,0,2025-04-15 16:48,2025-04-16 00:56,2025-04-17 23:38,2025-04-18 00:15,하역중,420,29.0,1,46.7,0.6,2025-04-16
SH-1156,IMO9800008,SAEMANGEUM BRIDGE,컨테이너선,JPTYO,도쿄항 (Tokyo),JP,KRGUN,군산항 (Gunsan),RM-PLS-01,PE 수지 (Polyethylene),화학,807,톤,2025-04-14 04:26,2025-04-15 16:14,2025-04-15 16:14,0,2025-04-15 16:14,2025-04-15 20:16,2025-04-17 10:49,2025-04-17 12:19,통관중,680,35.8,0,38.5,1.5,2025-04-16
SH-1157,IMO9800008,SAEMANGEUM BRIDGE,컨테이너선,CNQDG,칭다오항 (Qingdao),CN,KRSMG,새만금항 (Saemangeum),RM-PLS-01,PE 수지 (Polyethylene),화학,441,톤,2025-04-15 11:09,2025-04-16 07:40,2025-04-16 07:40,0,2025-04-16 08:40,2025-04-16 12:40,2025-04-18 16:50,2025-04-18 18:20,통관중,390,20.5,1,52.2,1.5,2025-04-17
SH-1158,IMO9800002,KORYO DRAGON,컨테이너선,CNNBO,닝보항 (Ningbo),CN,KRGUN,군산항 (Gunsan),CP-BMS-01,BMS 모듈 (Battery Management),전자부품,3874,개,2025-04-16 03:23,2025-04-17 10:30,2025-04-17 10:30,0,2025-04-17 10:30,2025-04-18 05:52,2025-04-19 05:55,2025-04-19 06:34,하역중,560,31.1,0,24.1,0.6,2025-04-18
SH-1159,IMO9800001,HANJIN SAEMANGEUM,벌크선,CNDLC,다롄항 (Dalian),CN,KRGUN,군산항 (Gunsan),CP-BMS-01,BMS 모듈 (Battery Management),전자부품,736,개,2025-04-16 02:02,2025-04-17 08:02,2025-04-17 08:02,0,2025-04-17 12:02,2025-04-17 16:02,2025-04-18 11:13,2025-04-18 11:45,통관중,420,30.0,4,19.2,0.5,2025-04-18
SH-1160,IMO9800004,GUNSAN GLORY,컨테이너선,CNDLC,다롄항 (Dalian),CN,KRGUN,군산항 (Gunsan),CP-PCB-01,PCB 기판 (Printed Circuit Board),전자부품,5395,매,2025-04-16 05:37,2025-04-17 07:52,2025-04-17 11:52,4,2025-04-17 13:52,2025-04-18 16:51,2025-04-19 12:31,2025-04-19 14:11,하역중,420,26.2,2,19.7,1.7,2025-04-18
SH-1161,IMO9800006,DONGBANG EXPRESS,컨테이너선,CNQDG,칭다오항 (Qingdao),CN,KRGUN,군산항 (Gunsan),RM-CHM-01,리튬 (Lithium Carbonate),화학,1966,톤,2025-04-17 17:00,2025-04-18 15:21,2025-04-20 03:21,36,2025-04-20 04:21,2025-04-20 14:11,2025-04-23 03:42,2025-04-23 05:37,항해중,380,22.4,1,61.5,1.9,2025-04-19
SH-1162,IMO9800002,KORYO DRAGON,컨테이너선,CNQDG,칭다오항 (Qingdao),CN,KRSMG,새만금항 (Saemangeum),CP-BMS-01,BMS 모듈 (Battery Management),전자부품,4607,개,2025-04-17 12:32,2025-04-18 10:12,2025-04-18 10:12,0,2025-04-18 10:12,2025-04-19 09:14,2025-04-22 05:04,2025-04-22 06:48,하역중,390,21.7,0,67.8,1.7,2025-04-19
SH-1163,IMO9800003,YELLOW SEA STAR,벌크선,JPTYO,도쿄항 (Tokyo),JP,KRSMG,새만금항 (Saemangeum),RM-RBR-01,합성고무 (Synthetic Rubber),화학,172,톤,2025-04-15 23:34,2025-04-18 04:39,2025-04-18 04:39,0,2025-04-18 04:39,2025-04-18 08:39,2025-04-21 03:04,2025-04-21 03:55,통관중,690,53.1,0,66.4,0.8,2025-04-19
SH-1164,IMO9800002,KORYO DRAGON,컨테이너선,VNHPH,하이퐁항 (Hai Phong),VN,KRSMG,새만금항 (Saemangeum),CP-PCB-01,PCB 기판 (Printed Circuit Board),전자부품,9825,매,2025-04-16 08:56,2025-04-19 12:29,2025-04-19 12:29,0,2025-04-19 13:29,2025-04-21 14:37,2025-04-24 08:30,2025-04-24 09:29,하역중,1360,75.6,1,65.9,1.0,2025-04-20
SH-1165,IMO9800003,YELLOW SEA STAR,벌크선,JPTYO,도쿄항 (Tokyo),JP,KRSMG,새만금항 (Saemangeum),RM-STL-01,열연강판 (Hot-Rolled Steel),철강,1202,톤,2025-04-17 16:00,2025-04-19 21:04,2025-04-19 21:04,0,2025-04-19 22:04,2025-04-20 04:05,2025-04-23 01:52,2025-04-23 03:49,하역중,690,53.1,1,69.8,1.9,2025-04-20
SH-1166,IMO9800008,SAEMANGEUM BRIDGE,컨테이너선,CNQDG,칭다오항 (Qingdao),CN,KRGUN,군산항 (Gunsan),RM-CHM-01,리튬 (Lithium Carbonate),화학,353,톤,2025-04-18 17:27,2025-04-19 13:27,2025-04-19 21:27,8,2025-04-19 21:27,2025-04-20 01:27,2025-04-22 01:36,2025-04-22 02:41,하역중,380,20.0,0,48.2,1.1,2025-04-20
SH-1167,IMO9800005,SUNRISE JEONBUK,벌크선,CNQDG,칭다오항 (Qingdao),CN,KRGUN,군산항 (Gunsan),RM-CPR-01,전해동판 (Copper Cathode),비철금속,1586,톤,2025-04-18 10:09,2025-04-19 12:22,2025-04-19 12:22,0,2025-04-19 13:22,2025-04-19 21:17,2025-04-22 20:19,2025-04-22 21:02,통관중,380,26.2,1,71.0,0.7,2025-04-20
SH-1168,IMO9800006,DONGBANG EXPRESS,컨테이너선,CNSHA,상하이항 (Shanghai),CN,KRSMG,새만금항 (Saemangeum),RM-RBR-01,합성고무 (Synthetic Rubber),화학,884,톤,2025-04-19 15:19,2025-04-20 22:30,2025-04-20 22:30,0,2025-04-21 06:30,2025-04-21 10:55,2025-04-22 12:53,2025-04-22 13:38,입항대기,530,31.2,8,26.0,0.8,2025-04-21
SH-1169,IMO9800006,DONGBANG EXPRESS,컨테이너선,CNDLC,다롄항 (Dalian),CN,KRSMG,새만금항 (Saemangeum),CP-BMS-01,BMS 모듈 (Battery Management),전자부품,2049,개,2025-04-20 12:59,2025-04-21 14:17,2025-04-21 14:17,0,2025-04-21 14:17,2025-04-22 00:31,2025-04-22 23:08,2025-04-23 01:05,하역중,430,25.3,0,22.6,1.9,2025-04-22
SH-1170,IMO9800007,WEST SEA PRIDE,벌크선,CNSHA,상하이항 (Shanghai),CN,KRGUN,군산항 (Gunsan),RM-ALM-01,알루미늄 잉곳 (Aluminum Ingot),비철금속,1546,톤,2025-04-19 14:30,2025-04-21 05:01,2025-04-21 05:01,0,2025-04-21 07:01,2025-04-21 14:45,2025-04-23 15:53,2025-04-23 17:39,통관중,520,38.5,2,49.1,1.8,2025-04-22
SH-1171,IMO9800005,SUNRISE JEONBUK,벌크선,CNQDG,칭다오항 (Qingdao),CN,KRGUN,군산항 (Gunsan),RM-PLS-01,PE 수지 (Polyethylene),화학,494,톤,2025-04-20 20:46,2025-04-21 22:58,2025-04-21 22:58,0,2025-04-21 22:58,2025-04-22 02:58,2025-04-23 18:14,2025-04-23 18:53,하역중,380,26.2,0,39.3,0.6,2025-04-22
SH-1172,IMO9800004,GUNSAN GLORY,컨테이너선,CNNBO,닝보항 (Ningbo),CN,KRSMG,새만금항 (Saemangeum),RM-ALM-01,알루미늄 잉곳 (Aluminum Ingot),비철금속,1545,톤,2025-04-21 00:57,2025-04-22 12:34,2025-04-22 12:34,0,2025-04-22 12:34,2025-04-22 20:18,2025-04-24 07:50,2025-04-24 08:32,통관중,570,35.6,0,35.5,0.7,2025-04-23
SH-1173,IMO9800008,SAEMANGEUM BRIDGE,컨테이너선,CNDLC,다롄항 (Dalian),CN,KRSMG,새만금항 (Saemangeum),RM-STL-01,열연강판 (Hot-Rolled Steel),철강,331,톤,2025-04-21 05:57,2025-04-22 04:35,2025-04-22 08:35,4,2025-04-22 12:35,2025-04-22 16:35,2025-04-24 08:16,2025-04-24 09:45,통관중,430,22.6,4,39.7,1.5,2025-04-23
SH-1174,IMO9800008,SAEMANGEUM BRIDGE,컨테이너선,CNTSN,톈진항 (Tianjin),CN,KRGUN,군산항 (Gunsan),RM-STL-01,열연강판 (Hot-Rolled Steel),철강,200,톤,2025-04-22 10:17,2025-04-23 11:33,2025-04-23 19:33,8,2025-04-23 20:33,2025-04-24 00:33,2025-04-27 21:09,2025-04-27 22:38,하역중,480,25.3,1,92.6,1.5,2025-04-24
SH-1175,IMO9800003,YELLOW SEA STAR,벌크선,CNSHA,상하이항 (Shanghai),CN,KRGUN,군산항 (Gunsan),CP-PCB-01,PCB 기판 (Printed Circuit Board),전자부품,5031,매,2025-04-21 19:47,2025-04-23 11:47,2025-04-23 11:47,0,2025-04-23 12:47,2025-04-24 13:56,2025-04-27 00:25,2025-04-27 01:12,하역중,520,40.0,1,58.5,0.8,2025-04-24
SH-1176,IMO9800003,YELLOW SEA STAR,벌크선,CNSHA,상하이항 (Shanghai),CN,KRSMG,새만금항 (Saemangeum),RM-ALM-01,알루미늄 잉곳 (Aluminum Ingot),비철금속,1091,톤,2025-04-21 12:53,2025-04-23 05:39,2025-04-23 05:39,0,2025-04-23 05:39,2025-04-23 11:06,2025-04-25 05:59,2025-04-25 07:39,통관중,530,40.8,0,42.9,1.7,2025-04-24
SH-1177,IMO9800008,SAEMANGEUM BRIDGE,컨테이너선,VNHPH,하이퐁항 (Hai Phong),VN,KRSMG,새만금항 (Saemangeum),RM-STL-01,열연강판 (Hot-Rolled Steel),철강,1740,톤,2025-04-21 00:10,2025-04-23 23:44,2025-04-23 23:44,0,2025-04-23 23:44,2025-04-24 08:26,2025-04-26 11:05,2025-04-26 11:38,하역중,1360,71.6,0,50.6,0.6,2025-04-24
SH-1178,IMO9800005,SUNRISE JEONBUK,벌크선,CNQDG,칭다오항 (Qingdao),CN,KRSMG,새만금항 (Saemangeum),RM-CHM-01,리튬 (Lithium Carbonate),화학,1411,톤,2025-04-23 06:39,2025-04-24 09:33,2025-04-24 09:33,0,2025-04-24 11:33,2025-04-24 18:36,2025-04-26 19:35,2025-04-26 20:09,통관중,390,26.9,2,49.0,0.6,2025-04-25
SH-1179,IMO9800001,HANJIN SAEMANGEUM,벌크선,CNTSN,톈진항 (Tianjin),CN,KRGUN,군산항 (Gunsan),CP-PCB-01,PCB 기판 (Printed Circuit Board),전자부품,2961,매,2025-04-23 04:41,2025-04-24 14:58,2025-04-24 14:58,0,2025-04-24 14:58,2025-04-25 05:46,2025-04-28 01:28,2025-04-28 02:43,하역중,480,34.3,0,67.7,1.2,2025-04-25
SH-1180,IMO9800001,HANJIN SAEMANGEUM,벌크선,VNHPH,하이퐁항 (Hai Phong),VN,KRSMG,새만금항 (Saemangeum),CP-PCB-01,PCB 기판 (Printed Circuit Board),전자부품,8197,매,2025-04-20 15:15,2025-04-24 16:23,2025-04-24 16:23,0,2025-04-24 16:23,2025-04-26 09:22,2025-04-28 11:32,2025-04-28 13:30,하역중,1360,97.1,0,50.2,2.0,2025-04-25
SH-1181,IMO9800006,DONGBANG EXPRESS,컨테이너선,CNTSN,톈진항 (Tianjin),CN,KRGUN,군산항 (Gunsan),CP-PCB-01,PCB 기판 (Printed Circuit Board),전자부품,7503,매,2025-04-23 18:28,2025-04-24 22:42,2025-04-24 22:42,0,2025-04-25 00:42,2025-04-26 14:13,2025-04-27 04:48,2025-04-27 05:30,입항대기,480,28.2,2,14.6,0.7,2025-04-25
SH-1182,IMO9800003,YELLOW SEA STAR,벌크선,CNQDG,칭다오항 (Qingdao),CN,KRGUN,군산항 (Gunsan),RM-ALM-01,알루미늄 잉곳 (Aluminum Ingot),비철금속,1824,톤,2025-04-23 22:35,2025-04-25 03:49,2025-04-25 03:49,0,2025-04-25 04:49,2025-04-25 13:56,2025-04-27 22:32,2025-04-27 23:12,통관중,380,29.2,1,56.6,0.7,2025-04-26
SH-1183,IMO9800007,WEST SEA PRIDE,벌크선,CNSHA,상하이항 (Shanghai),CN,KRSMG,새만금항 (Saemangeum),RM-PLS-01,PE 수지 (Polyethylene),화학,1309,톤,2025-04-23 11:41,2025-04-25 02:56,2025-04-25 02:56,0,2025-04-25 02:56,2025-04-25 09:29,2025-04-25 22:03,2025-04-25 23:38,입고완료,530,39.3,0,12.6,1.6,2025-04-26
SH-1184,IMO9800001,HANJIN SAEMANGEUM,벌크선,CNSHA,상하이항 (Shanghai),CN,KRGUN,군산항 (Gunsan),RM-CHM-01,리튬 (Lithium Carbonate),화학,401,톤,2025-04-23 15:39,2025-04-25 04:47,2025-04-25 04:47,0,2025-04-25 05:47,2025-04-25 09:47,2025-04-27 10:45,2025-04-27 11:47,통관중,520,37.1,1,49.0,1.0,2025-04-26
SH-1185,IMO9800004,GUNSAN GLORY,컨테이너선,CNSHA,상하이항 (Shanghai),CN,KRSMG,새만금항 (Saemangeum),RM-CHM-01,리튬 (Lithium Carbonate),화학,1541,톤,2025-04-25 14:01,2025-04-26 23:09,2025-04-26 23:09,0,2025-04-26 23:09,2025-04-27 06:51,2025-04-29 16:22,2025-04-29 18:00,하역중,530,33.1,0,57.5,1.6,2025-04-27
SH-1186,IMO9800007,WEST SEA PRIDE,벌크선,CNNBO,닝보항 (Ningbo),CN,KRGUN,군산항 (Gunsan),CP-BMS-01,BMS 모듈 (Battery Management),전자부품,2429,개,2025-04-25 03:31,2025-04-26 21:00,2025-04-26 21:00,0,2025-04-26 22:00,2025-04-27 10:09,2025-04-30 03:19,2025-04-30 04:24,하역중,560,41.5,1,65.2,1.1,2025-04-27
SH-1187,IMO9800005,SUNRISE JEONBUK,벌크선,CNDLC,다롄항 (Dalian),CN,KRGUN,군산항 (Gunsan),RM-RBR-01,합성고무 (Synthetic Rubber),화학,1143,톤,2025-04-25 04:09,2025-04-26 09:07,2025-04-26 09:07,0,2025-04-26 11:07,2025-04-26 16:50,2025-04-28 04:59,2025-04-28 06:14,통관중,420,29.0,2,36.1,1.3,2025-04-27
SH-1188,IMO9800005,SUNRISE JEONBUK,벌크선,CNQDG,칭다오항 (Qingdao),CN,KRSMG,새만금항 (Saemangeum),CP-PCB-01,PCB 기판 (Printed Circuit Board),전자부품,3890,매,2025-04-26 19:50,2025-04-27 22:43,2025-04-27 22:43,0,2025-04-27 23:43,2025-04-28 19:10,2025-05-01 11:52,2025-05-01 13:32,하역중,390,26.9,1,64.7,1.7,2025-04-28
SH-1189,IMO9800006,DONGBANG EXPRESS,컨테이너선,CNDLC,다롄항 (Dalian),CN,KRGUN,군산항 (Gunsan),RM-PLS-01,PE 수지 (Polyethylene),화학,1269,톤,2025-04-26 12:43,2025-04-27 13:26,2025-04-27 17:26,4,2025-04-27 18:26,2025-04-28 00:46,2025-05-02 20:45,2025-05-02 22:24,하역중,420,24.7,1,116.0,1.6,2025-04-28
SH-1190,IMO9800001,HANJIN SAEMANGEUM,벌크선,CNQDG,칭다오항 (Qingdao),CN,KRGUN,군산항 (Gunsan),RM-CHM-01,리튬 (Lithium Carbonate),화학,498,톤,2025-04-26 05:33,2025-04-27 08:41,2025-04-27 08:41,0,2025-04-27 08:41,2025-04-27 12:41,2025-04-29 01:17,2025-04-29 02:22,통관중,380,27.1,0,36.6,1.1,2025-04-28
SH-1191,IMO9800008,SAEMANGEUM BRIDGE,컨테이너선,CNQDG,칭다오항 (Qingdao),CN,KRGUN,군산항 (Gunsan),RM-PLS-01,PE 수지 (Polyethylene),화학,809,톤,2025-04-27 19:58,2025-04-28 15:58,2025-04-28 17:58,2,2025-04-28 19:58,2025-04-29 00:01,2025-04-30 19:06,2025-04-30 21:00,하역중,380,20.0,2,43.1,1.9,2025-04-29
SH-1192,IMO9800002,KORYO DRAGON,컨테이너선,CNNBO,닝보항 (Ningbo),CN,KRSMG,새만금항 (Saemangeum),RM-CPR-01,전해동판 (Copper Cathode),비철금속,360,톤,2025-04-26 20:07,2025-04-28 03:47,2025-04-28 15:47,12,2025-04-28 16:47,2025-04-28 20:47,2025-05-01 03:09,2025-05-01 03:43,통관중,570,31.7,1,54.4,0.6,2025-04-29
SH-1193,IMO9800007,WEST SEA PRIDE,벌크선,VNHPH,하이퐁항 (Hai Phong),VN,KRSMG,새만금항 (Saemangeum),RM-ALM-01,알루미늄 잉곳 (Aluminum Ingot),비철금속,1692,톤,2025-04-24 19:05,2025-04-28 23:49,2025-04-29 01:49,2,2025-04-29 01:49,2025-04-29 10:17,2025-05-01 19:22,2025-05-01 21:18,항해중,1360,100.7,0,57.1,1.9,2025-04-29
SH-1194,IMO9800004,GUNSAN GLORY,컨테이너선,CNQDG,칭다오항 (Qingdao),CN,KRGUN,군산항 (Gunsan),RM-ALM-01,알루미늄 잉곳 (Aluminum Ingot),비철금속,1971,톤,2025-04-28 18:19,2025-04-29 18:04,2025-04-29 18:04,0,2025-04-29 18:04,2025-04-30 03:55,2025-05-01 14:11,2025-05-01 15:58,하역중,380,23.8,0,34.3,1.8,2025-04-30
SH-1195,IMO9800001,HANJIN SAEMANGEUM,벌크선,JPTYO,도쿄항 (Tokyo),JP,KRGUN,군산항 (Gunsan),RM-PLS-01,PE 수지 (Polyethylene),화학,789,톤,2025-04-28 08:33,2025-04-30 09:07,2025-04-30 09:07,0,2025-04-30 09:07,2025-04-30 13:07,2025-05-02 01:47,2025-05-02 03:38,통관중,680,48.6,0,36.7,1.8,2025-05-01
SH-1196,IMO9800002,KORYO DRAGON,컨테이너선,CNDLC,다롄항 (Dalian),CN,KRSMG,새만금항 (Saemangeum),CP-PCB-01,PCB 기판 (Printed Circuit Board),전자부품,3039,매,2025-04-29 10:40,2025-04-30 10:33,2025-04-30 10:33,0,2025-04-30 10:33,2025-05-01 01:45,2025-05-03 13:00,2025-05-03 14:15,하역중,430,23.9,0,59.3,1.2,2025-05-01
SH-1197,IMO9800005,SUNRISE JEONBUK,벌크선,CNDLC,다롄항 (Dalian),CN,KRGUN,군산항 (Gunsan),RM-CPR-01,전해동판 (Copper Cathode),비철금속,544,톤,2025-04-30 10:54,2025-05-01 15:52,2025-05-01 15:52,0,2025-05-01 19:52,2025-05-01 23:52,2025-05-02 18:43,2025-05-02 19:33,통관중,420,29.0,4,18.8,0.8,2025-05-02
SH-1198,IMO9800002,KORYO DRAGON,컨테이너선,JPTYO,도쿄항 (Tokyo),JP,KRSMG,새만금항 (Saemangeum),RM-STL-01,열연강판 (Hot-Rolled Steel),철강,1804,톤,2025-04-29 21:06,2025-05-01 11:26,2025-05-02 11:26,24,2025-05-02 13:26,2025-05-02 22:27,2025-05-05 09:57,2025-05-05 11:22,항해중,690,38.3,2,59.5,1.4,2025-05-02
SH-1199,IMO9800006,DONGBANG EXPRESS,컨테이너선,JPTYO,도쿄항 (Tokyo),JP,KRGUN,군산항 (Gunsan),RM-RBR-01,합성고무 (Synthetic Rubber),화학,941,톤,2025-04-30 04:37,2025-05-01 20:37,2025-05-01 20:37,0,2025-05-01 20:37,2025-05-02 01:19,2025-05-03 17:03,2025-05-03 18:32,하역중,680,40.0,0,39.7,1.5,2025-05-02
SH-1200,IMO9800006,DONGBANG EXPRESS,컨테이너선,CNSHA,상하이항 (Shanghai),CN,KRGUN,군산항 (Gunsan),RM-CHM-01,리튬 (Lithium Carbonate),화학,1954,톤,2025-04-29 22:03,2025-05-01 04:38,2025-05-01 04:38,0,2025-05-01 04:38,2025-05-01 14:24,2025-05-03 08:15,2025-05-03 10:03,통관중,520,30.6,0,41.8,1.8,2025-05-02
SH-1201,IMO9800004,GUNSAN GLORY,컨테이너선,CNDLC,다롄항 (Dalian),CN,KRGUN,군산항 (Gunsan),RM-RBR-01,합성고무 (Synthetic Rubber),화학,881,톤,2025-05-01 18:43,2025-05-02 20:58,2025-05-02 20:58,0,2025-05-02 20:58,2025-05-03 01:22,2025-05-04 03:42,2025-05-04 05:40,하역중,420,26.2,0,26.3,2.0,2025-05-03
SH-1202,IMO9800002,KORYO DRAGON,컨테이너선,CNSHA,상하이항 (Shanghai),CN,KRGUN,군산항 (Gunsan),RM-STL-01,열연강판 (Hot-Rolled Steel),철강,1111,톤,2025-05-01 07:58,2025-05-02 12:51,2025-05-02 12:51,0,2025-05-02 13:51,2025-05-02 19:25,2025-05-05 07:19,2025-05-05 08:29,통관중,520,28.9,1,59.9,1.2,2025-05-03
SH-1203,IMO9800003,YELLOW SEA STAR,벌크선,CNNBO,닝보항 (Ningbo),CN,KRGUN,군산항 (Gunsan),RM-CPR-01,전해동판 (Copper Cathode),비철금속,584,톤,2025-05-02 00:26,2025-05-03 19:31,2025-05-03 23:31,4,2025-05-04 01:31,2025-05-04 05:31,2025-05-06 07:35,2025-05-06 08:41,입항대기,560,43.1,2,50.1,1.1,2025-05-04
SH-1204,IMO9800008,SAEMANGEUM BRIDGE,컨테이너선,CNTSN,톈진항 (Tianjin),CN,KRGUN,군산항 (Gunsan),RM-RBR-01,합성고무 (Synthetic Rubber),화학,486,톤,2025-05-02 06:02,2025-05-03 07:17,2025-05-03 07:17,0,2025-05-03 07:17,2025-05-03 11:17,2025-05-04 21:05,2025-05-04 21:50,통관중,480,25.3,0,33.8,0.8,2025-05-04
SH-1205,IMO9800004,GUNSAN GLORY,컨테이너선,CNSHA,상하이항 (Shanghai),CN,KRGUN,군산항 (Gunsan),RM-STL-01,열연강판 (Hot-Rolled Steel),철강,1089,톤,2025-05-02 21:55,2025-05-04 06:25,2025-05-04 06:25,0,2025-05-04 06:25,2025-05-04 11:51,2025-05-10 04:18,2025-05-10 06:01,통관중,520,32.5,0,136.5,1.7,2025-05-05
SH-1206,IMO9800006,DONGBANG EXPRESS,컨테이너선,VNHPH,하이퐁항 (Hai Phong),VN,KRGUN,군산항 (Gunsan),CP-BMS-01,BMS 모듈 (Battery Management),전자부품,1783,개,2025-04-30 16:58,2025-05-04 00:22,2025-05-04 00:22,0,2025-05-04 01:22,2025-05-04 10:17,2025-05-07 10:07,2025-05-07 11:36,통관중,1350,79.4,1,71.8,1.5,2025-05-05
SH-1207,IMO9800005,SUNRISE JEONBUK,벌크선,CNSHA,상하이항 (Shanghai),CN,KRGUN,군산항 (Gunsan),RM-STL-01,열연강판 (Hot-Rolled Steel),철강,326,톤,2025-05-03 16:23,2025-05-05 04:14,2025-05-05 04:14,0,2025-05-05 04:14,2025-05-05 08:14,2025-05-06 07:29,2025-05-06 09:13,통관중,520,35.9,0,23.2,1.7,2025-05-06
SH-1208,IMO9800003,YELLOW SEA STAR,벌크선,CNQDG,칭다오항 (Qingdao),CN,KRGUN,군산항 (Gunsan),RM-CHM-01,리튬 (Lithium Carbonate),화학,1349,톤,2025-05-04 23:02,2025-05-06 04:16,2025-05-06 04:16,0,2025-05-06 04:16,2025-05-06 11:01,2025-05-09 00:10,2025-05-09 01:28,통관중,380,29.2,0,61.2,1.3,2025-05-07
SH-1209,IMO9800008,SAEMANGEUM BRIDGE,컨테이너선,CNSHA,상하이항 (Shanghai),CN,KRGUN,군산항 (Gunsan),RM-PLS-01,PE 수지 (Polyethylene),화학,406,톤,2025-05-05 03:22,2025-05-06 06:44,2025-05-06 06:44,0,2025-05-06 10:44,2025-05-06 14:44,2025-05-08 05:45,2025-05-08 07:14,통관중,520,27.4,4,39.0,1.5,2025-05-07
SH-1210,IMO9800006,DONGBANG EXPRESS,컨테이너선,JPTYO,도쿄항 (Tokyo),JP,KRGUN,군산항 (Gunsan),RM-STL-01,열연강판 (Hot-Rolled Steel),철강,371,톤,2025-05-05 08:30,2025-05-07 00:30,2025-05-07 00:30,0,2025-05-07 00:30,2025-05-07 04:30,2025-05-07 22:52,2025-05-07 23:23,입고완료,680,40.0,0,18.4,0.5,2025-05-08
SH-1211,IMO9800007,WEST SEA PRIDE,벌크선,CNQDG,칭다오항 (Qingdao),CN,KRSMG,새만금항 (Saemangeum),CP-BMS-01,BMS 모듈 (Battery Management),전자부품,941,개,2025-05-05 19:18,2025-05-07 00:11,2025-05-07 02:11,2,2025-05-07 02:11,2025-05-07 06:54,2025-05-09 01:39,2025-05-09 02:28,통관중,390,28.9,0,42.8,0.8,2025-05-08
SH-1212,IMO9800003,YELLOW SEA STAR,벌크선,CNQDG,칭다오항 (Qingdao),CN,KRSMG,새만금항 (Saemangeum),RM-STL-01,열연강판 (Hot-Rolled Steel),철강,1990,톤,2025-05-05 19:28,2025-05-07 01:28,2025-05-07 01:28,0,2025-05-07 03:28,2025-05-07 13:25,2025-05-08 04:58,2025-05-08 06:27,통관중,390,30.0,2,15.5,1.5,2025-05-08
SH-1213,IMO9800003,YELLOW SEA STAR,벌크선,CNQDG,칭다오항 (Qingdao),CN,KRGUN,군산항 (Gunsan),CP-BMS-01,BMS 모듈 (Battery Management),전자부품,6161,개,2025-05-07 09:39,2025-05-08 14:53,2025-05-08 14:53,0,2025-05-08 14:53,2025-05-09 21:41,2025-05-12 09:50,2025-05-12 10:21,하역중,380,29.2,0,60.1,0.5,2025-05-09
SH-1214,IMO9800008,SAEMANGEUM BRIDGE,컨테이너선,CNSHA,상하이항 (Shanghai),CN,KRSMG,새만금항 (Saemangeum),CP-PCB-01,PCB 기판 (Printed Circuit Board),전자부품,3446,매,2025-05-07 17:02,2025-05-08 20:56,2025-05-08 20:56,0,2025-05-09 04:56,2025-05-09 22:10,2025-05-12 07:24,2025-05-12 07:56,입항대기,530,27.9,8,57.2,0.5,2025-05-09
SH-1215,IMO9800007,WEST SEA PRIDE,벌크선,CNDLC,다롄항 (Dalian),CN,KRGUN,군산항 (Gunsan),RM-RBR-01,합성고무 (Synthetic Rubber),화학,497,톤,2025-05-06 20:59,2025-05-08 04:05,2025-05-08 04:05,0,2025-05-08 08:05,2025-05-08 12:05,2025-05-09 13:12,2025-05-09 13:48,통관중,420,31.1,4,25.1,0.6,2025-05-09
SH-1216,IMO9800001,HANJIN SAEMANGEUM,벌크선,CNSHA,상하이항 (Shanghai),CN,KRSMG,새만금항 (Saemangeum),RM-RBR-01,합성고무 (Synthetic Rubber),화학,1100,톤,2025-05-07 03:19,2025-05-08 17:11,2025-05-08 17:11,0,2025-05-08 17:11,2025-05-08 22:41,2025-05-10 04:40,2025-05-10 05:15,통관중,530,37.9,0,30.0,0.6,2025-05-09
SH-1217,IMO9800008,SAEMANGEUM BRIDGE,컨테이너선,CNDLC,다롄항 (Dalian),CN,KRSMG,새만금항 (Saemangeum),RM-ALM-01,알루미늄 잉곳 (Aluminum Ingot),비철금속,980,톤,2025-05-08 03:57,2025-05-09 02:35,2025-05-09 04:35,2,2025-05-09 04:35,2025-05-09 09:29,2025-05-10 14:36,2025-05-10 15:30,통관중,430,22.6,0,29.1,0.9,2025-05-10
SH-1218,IMO9800006,DONGBANG EXPRESS,컨테이너선,CNTSN,톈진항 (Tianjin),CN,KRSMG,새만금항 (Saemangeum),RM-ALM-01,알루미늄 잉곳 (Aluminum Ingot),비철금속,1112,톤,2025-05-08 13:07,2025-05-09 17:56,2025-05-09 17:56,0,2025-05-09 18:56,2025-05-10 00:30,2025-05-10 18:08,2025-05-10 19:38,하역중,490,28.8,1,17.6,1.5,2025-05-10
SH-1219,IMO9800001,HANJIN SAEMANGEUM,벌크선,JPTYO,도쿄항 (Tokyo),JP,KRSMG,새만금항 (Saemangeum),RM-ALM-01,알루미늄 잉곳 (Aluminum Ingot),비철금속,1711,톤,2025-05-07 10:17,2025-05-09 11:34,2025-05-09 11:34,0,2025-05-09 11:34,2025-05-09 20:08,2025-05-11 12:00,2025-05-11 13:00,통관중,690,49.3,0,39.9,1.0,2025-05-10
SH-1220,IMO9800004,GUNSAN GLORY,컨테이너선,CNQDG,칭다오항 (Qingdao),CN,KRSMG,새만금항 (Saemangeum),RM-PLS-01,PE 수지 (Polyethylene),화학,1946,톤,2025-05-08 12:56,2025-05-09 13:18,2025-05-09 13:18,0,2025-05-09 14:18,2025-05-10 00:02,2025-05-11 18:47,2025-05-11 19:51,하역중,390,24.4,1,42.7,1.1,2025-05-10
SH-1221,IMO9800006,DONGBANG EXPRESS,컨테이너선,VNHPH,하이퐁항 (Hai Phong),VN,KRSMG,새만금항 (Saemangeum),RM-CHM-01,리튬 (Lithium Carbonate),화학,1385,톤,2025-05-06 22:09,2025-05-10 06:09,2025-05-10 06:09,0,2025-05-10 07:09,2025-05-10 14:04,2025-05-14 10:25,2025-05-14 11:50,통관중,1360,80.0,1,92.4,1.4,2025-05-11
SH-1222,IMO9800003,YELLOW SEA STAR,벌크선,CNQDG,칭다오항 (Qingdao),CN,KRGUN,군산항 (Gunsan),CP-PCB-01,PCB 기판 (Printed Circuit Board),전자부품,8833,매,2025-05-09 07:57,2025-05-10 13:11,2025-05-10 13:11,0,2025-05-10 14:11,2025-05-12 10:21,2025-05-14 11:00,2025-05-14 11:48,하역중,380,29.2,1,48.6,0.8,2025-05-11
SH-1223,IMO9800006,DONGBANG EXPRESS,컨테이너선,CNSHA,상하이항 (Shanghai),CN,KRGUN,군산항 (Gunsan),RM-STL-01,열연강판 (Hot-Rolled Steel),철강,803,톤,2025-05-10 16:31,2025-05-11 23:07,2025-05-12 03:07,4,2025-05-12 05:07,2025-05-12 09:08,2025-05-14 03:53,2025-05-14 05:47,항해중,520,30.6,2,42.8,1.9,2025-05-12
SH-1224,IMO9800001,HANJIN SAEMANGEUM,벌크선,CNSHA,상하이항 (Shanghai),CN,KRSMG,새만금항 (Saemangeum),CP-PCB-01,PCB 기판 (Printed Circuit Board),전자부품,3612,매,2025-05-10 07:24,2025-05-11 21:16,2025-05-11 21:16,0,2025-05-11 22:16,2025-05-12 16:19,2025-05-13 06:06,2025-05-13 06:40,하역중,530,37.9,1,13.8,0.6,2025-05-12
SH-1225,IMO9800007,WEST SEA PRIDE,벌크선,CNQDG,칭다오항 (Qingdao),CN,KRGUN,군산항 (Gunsan),RM-RBR-01,합성고무 (Synthetic Rubber),화학,1232,톤,2025-05-11 02:20,2025-05-12 06:29,2025-05-12 06:29,0,2025-05-12 08:29,2025-05-12 14:38,2025-05-14 15:07,2025-05-14 16:51,통관중,380,28.1,2,48.5,1.7,2025-05-13
SH-1226,IMO9800007,WEST SEA PRIDE,벌크선,JPTYO,도쿄항 (Tokyo),JP,KRGUN,군산항 (Gunsan),RM-CHM-01,리튬 (Lithium Carbonate),화학,1810,톤,2025-05-10 06:21,2025-05-12 08:43,2025-05-12 12:43,4,2025-05-12 12:43,2025-05-12 21:46,2025-05-15 14:04,2025-05-15 15:34,통관중,680,50.4,0,64.3,1.5,2025-05-13
SH-1227,IMO9800004,GUNSAN GLORY,컨테이너선,CNSHA,상하이항 (Shanghai),CN,KRSMG,새만금항 (Saemangeum),RM-ALM-01,알루미늄 잉곳 (Aluminum Ingot),비철금속,1878,톤,2025-05-12 01:41,2025-05-13 10:48,2025-05-13 10:48,0,2025-05-13 11:48,2025-05-13 21:11,2025-05-15 06:29,2025-05-15 07:59,통관중,530,33.1,1,33.3,1.5,2025-05-14
SH-1228,IMO9800001,HANJIN SAEMANGEUM,벌크선,CNNBO,닝보항 (Ningbo),CN,KRSMG,새만금항 (Saemangeum),RM-ALM-01,알루미늄 잉곳 (Aluminum Ingot),비철금속,1500,톤,2025-05-12 07:02,2025-05-13 23:45,2025-05-13 23:45,0,2025-05-14 03:45,2025-05-14 11:15,2025-05-15 08:30,2025-05-15 09:58,입항대기,570,40.7,4,21.3,1.5,2025-05-14
SH-1229,IMO9800005,SUNRISE JEONBUK,벌크선,CNTSN,톈진항 (Tianjin),CN,KRSMG,새만금항 (Saemangeum),RM-ALM-01,알루미늄 잉곳 (Aluminum Ingot),비철금속,367,톤,2025-05-11 14:24,2025-05-13 00:12,2025-05-13 00:12,0,2025-05-13 02:12,2025-05-13 06:12,2025-05-14 11:54,2025-05-14 13:16,통관중,490,33.8,2,29.7,1.4,2025-05-14
SH-1230,IMO9800005,SUNRISE JEONBUK,벌크선,CNTSN,톈진항 (Tianjin),CN,KRGUN,군산항 (Gunsan),RM-RBR-01,합성고무 (Synthetic Rubber),화학,1561,톤,2025-05-12 21:23,2025-05-14 06:29,2025-05-14 06:29,0,2025-05-14 08:29,2025-05-14 16:18,2025-05-17 07:24,2025-05-17 08:01,통관중,480,33.1,2,63.1,0.6,2025-05-15
SH-1231,IMO9800006,DONGBANG EXPRESS,컨테이너선,CNTSN,톈진항 (Tianjin),CN,KRGUN,군산항 (Gunsan),RM-ALM-01,알루미늄 잉곳 (Aluminum Ingot),비철금속,1164,톤,2025-05-14 10:32,2025-05-15 14:46,2025-05-15 14:46,0,2025-05-15 15:46,2025-05-15 21:35,2025-05-17 11:27,2025-05-17 12:49,통관중,480,28.2,1,37.9,1.4,2025-05-16
SH-1232,IMO9800002,KORYO DRAGON,컨테이너선,CNTSN,톈진항 (Tianjin),CN,KRSMG,새만금항 (Saemangeum),RM-CPR-01,전해동판 (Copper Cathode),비철금속,1032,톤,2025-05-14 04:15,2025-05-15 07:28,2025-05-15 07:28,0,2025-05-15 07:28,2025-05-15 12:38,2025-05-20 22:14,2025-05-21 00:09,통관중,490,27.2,0,129.6,1.9,2025-05-16
SH-1233,IMO9800002,KORYO DRAGON,컨테이너선,CNNBO,닝보항 (Ningbo),CN,KRGUN,군산항 (Gunsan),RM-CHM-01,리튬 (Lithium Carbonate),화학,980,톤,2025-05-15 07:37,2025-05-16 14:44,2025-05-16 14:44,0,2025-05-16 15:44,2025-05-16 20:38,2025-05-19 01:15,2025-05-19 02:18,통관중,560,31.1,1,52.6,1.0,2025-05-17
SH-1234,IMO9800004,GUNSAN GLORY,컨테이너선,VNHPH,하이퐁항 (Hai Phong),VN,KRGUN,군산항 (Gunsan),CP-PCB-01,PCB 기판 (Printed Circuit Board),전자부품,942,매,2025-05-12 19:06,2025-05-16 07:28,2025-05-16 13:28,6,2025-05-16 13:28,2025-05-16 18:11,2025-05-18 14:06,2025-05-18 14:45,통관중,1350,84.4,0,43.9,0.6,2025-05-17
