date,material_code,material_name,category,unit,current_stock,daily_usage,incoming,dos,safety_stock_days,safety_stock_qty,safety_ratio,shortage_forecast_days,cover_days,coverage_pct,risk_level,stock_value_krw,unit_cost,lead_time_days
2025-02-17,RM-STL-01,열연강판 (Hot-Rolled Steel),철강,톤,860.8,58.5,0.0,17.2,14,700,1.23,17.2,14.0,100.0,LOW,731675348,850000,5
2025-02-18,RM-STL-01,열연강판 (Hot-Rolled Steel),철강,톤,1010.0,46.3,195.5,20.2,14,700,1.44,20.2,14.0,100.0,LOW,858540057,850000,5
2025-02-19,RM-STL-01,열연강판 (Hot-Rolled Steel),철강,톤,953.3,56.7,0.0,19.1,14,700,1.36,19.1,14.0,100.0,LOW,810336893,850000,5
2025-02-20,RM-STL-01,열연강판 (Hot-Rolled Steel),철강,톤,903.9,49.5,0.0,18.1,14,700,1.29,18.1,14.0,100.0,LOW,768278784,850000,5
2025-02-21,RM-STL-01,열연강판 (Hot-Rolled Steel),철강,톤,1056.0,50.9,203.1,21.1,14,700,1.51,21.1,14.0,100.0,LOW,897603632,850000,5
2025-02-22,RM-STL-01,열연강판 (Hot-Rolled Steel),철강,톤,1015.4,40.6,0.0,20.3,14,700,1.45,20.3,14.0,100.0,LOW,863077692,850000,5
2025-02-23,RM-STL-01,열연강판 (Hot-Rolled Steel),철강,톤,955.8,59.6,0.0,19.1,14,700,1.37,19.1,14.0,100.0,LOW,812415839,850000,5
2025-02-24,RM-STL-01,열연강판 (Hot-Rolled Steel),철강,톤,912.4,43.4,0.0,18.2,14,700,1.3,18.2,14.0,100.0,LOW,775554111,850000,5
2025-02-25,RM-STL-01,열연강판 (Hot-Rolled Steel),철강,톤,865.3,47.1,0.0,17.3,14,700,1.24,17.3,14.0,100.0,LOW,735498955,850000,5
2025-02-26,RM-STL-01,열연강판 (Hot-Rolled Steel),철강,톤,821.7,43.5,0.0,16.4,14,700,1.17,16.4,14.0,100.0,LOW,698487049,850000,5
2025-02-27,RM-STL-01,열연강판 (Hot-Rolled Steel),철강,톤,777.0,44.7,0.0,15.5,14,700,1.11,15.5,14.0,100.0,LOW,660491417,850000,5
2025-02-28,RM-STL-01,열연강판 (Hot-Rolled Steel),철강,톤,733.7,43.3,0.0,14.7,14,700,1.05,14.7,14.0,100.0,LOW,623682302,850000,5
2025-03-01,RM-STL-01,열연강판 (Hot-Rolled Steel),철강,톤,690.7,43.0,0.0,13.8,14,700,0.99,13.8,13.8,98.7,MEDIUM,587123436,850000,5
2025-03-02,RM-STL-01,열연강판 (Hot-Rolled Steel),철강,톤,635.1,55.6,0.0,12.7,14,700,0.91,12.7,12.7,90.7,MEDIUM,539822835,850000,5
2025-03-03,RM-STL-01,열연강판 (Hot-Rolled Steel),철강,톤,588.6,46.5,0.0,11.8,14,700,0.84,11.8,11.8,84.1,MEDIUM,500283842,850000,5
2025-03-04,RM-STL-01,열연강판 (Hot-Rolled Steel),철강,톤,932.8,54.6,398.8,18.7,14,700,1.33,18.7,14.0,100.0,LOW,792848139,850000,5
2025-03-05,RM-STL-01,열연강판 (Hot-Rolled Steel),철강,톤,1234.3,58.1,359.7,24.7,14,700,1.76,24.7,14.0,100.0,LOW,1049168485,850000,5
2025-03-06,RM-STL-01,열연강판 (Hot-Rolled Steel),철강,톤,1187.2,47.1,0.0,23.7,14,700,1.7,23.7,14.0,100.0,LOW,1009159652,850000,5
2025-03-07,RM-STL-01,열연강판 (Hot-Rolled Steel),철강,톤,1132.3,54.9,0.0,22.6,14,700,1.62,22.6,14.0,100.0,LOW,962480032,850000,5
2025-03-08,RM-STL-01,열연강판 (Hot-Rolled Steel),철강,톤,1078.7,53.6,0.0,21.6,14,700,1.54,21.6,14.0,100.0,LOW,916907181,850000,5
2025-03-09,RM-STL-01,열연강판 (Hot-Rolled Steel),철강,톤,1019.3,59.4,0.0,20.4,14,700,1.46,20.4,14.0,100.0,LOW,866423850,850000,5
2025-03-10,RM-STL-01,열연강판 (Hot-Rolled Steel),철강,톤,977.4,41.9,0.0,19.5,14,700,1.4,19.5,14.0,100.0,LOW,830831419,850000,5
2025-03-11,RM-STL-01,열연강판 (Hot-Rolled Steel),철강,톤,931.4,46.0,0.0,18.6,14,700,1.33,18.6,14.0,100.0,LOW,791689812,850000,5
2025-03-12,RM-STL-01,열연강판 (Hot-Rolled Steel),철강,톤,880.1,51.3,0.0,17.6,14,700,1.26,17.6,14.0,100.0,LOW,748123713,850000,5
2025-03-13,RM-STL-01,열연강판 (Hot-Rolled Steel),철강,톤,821.8,58.4,0.0,16.4,14,700,1.17,16.4,14.0,100.0,LOW,698505223,850000,5
2025-03-14,RM-STL-01,열연강판 (Hot-Rolled Steel),철강,톤,763.9,57.9,0.0,15.3,14,700,1.09,15.3,14.0,100.0,LOW,649299529,850000,5
2025-03-15,RM-STL-01,열연강판 (Hot-Rolled Steel),철강,톤,711.8,52.0,0.0,14.2,14,700,1.02,14.2,14.0,100.0,LOW,605063541,850000,5
2025-03-16,RM-STL-01,열연강판 (Hot-Rolled Steel),철강,톤,662.3,49.5,0.0,13.2,14,700,0.95,13.2,13.2,94.6,MEDIUM,562963323,850000,5
2025-03-17,RM-STL-01,열연강판 (Hot-Rolled Steel),철강,톤,622.2,40.1,0.0,12.4,14,700,0.89,12.4,12.4,88.9,MEDIUM,528909470,850000,5
2025-03-18,RM-STL-01,열연강판 (Hot-Rolled Steel),철강,톤,577.4,44.8,0.0,11.5,14,700,0.82,11.5,11.5,82.5,MEDIUM,490822969,850000,5
2025-03-19,RM-STL-01,열연강판 (Hot-Rolled Steel),철강,톤,536.8,40.6,0.0,10.7,14,700,0.77,10.7,10.7,76.7,MEDIUM,456299538,850000,5
2025-03-20,RM-STL-01,열연강판 (Hot-Rolled Steel),철강,톤,482.1,54.7,0.0,9.6,14,700,0.69,9.6,9.6,68.9,MEDIUM,409821032,850000,5
2025-03-21,RM-STL-01,열연강판 (Hot-Rolled Steel),철강,톤,441.5,40.6,0.0,8.8,14,700,0.63,8.8,8.8,63.1,MEDIUM,375301691,850000,5
2025-03-22,RM-STL-01,열연강판 (Hot-Rolled Steel),철강,톤,388.9,52.7,0.0,7.8,14,700,0.56,7.8,7.8,55.6,MEDIUM,330548442,850000,5
2025-03-23,RM-STL-01,열연강판 (Hot-Rolled Steel),철강,톤,342.2,46.7,0.0,6.8,14,700,0.49,6.8,6.8,48.9,HIGH,290880517,850000,5
2025-03-24,RM-STL-01,열연강판 (Hot-Rolled Steel),철강,톤,286.3,55.9,0.0,5.7,14,700,0.41,5.7,5.7,40.9,HIGH,243392819,850000,5
2025-03-25,RM-STL-01,열연강판 (Hot-Rolled Steel),철강,톤,391.9,59.9,165.5,7.8,14,700,0.56,7.8,7.8,56.0,MEDIUM,333121968,850000,5
2025-03-26,RM-STL-01,열연강판 (Hot-Rolled Steel),철강,톤,345.1,46.8,0.0,6.9,14,700,0.49,6.9,6.9,49.3,HIGH,293311667,850000,5
2025-03-27,RM-STL-01,열연강판 (Hot-Rolled Steel),철강,톤,305.0,40.1,0.0,6.1,14,700,0.44,6.1,6.1,43.6,HIGH,259215348,850000,5
2025-03-28,RM-STL-01,열연강판 (Hot-Rolled Steel),철강,톤,248.8,56.2,0.0,5.0,14,700,0.36,5.0,5.0,35.5,HIGH,211459234,850000,5
2025-03-29,RM-STL-01,열연강판 (Hot-Rolled Steel),철강,톤,206.7,42.1,0.0,4.1,14,700,0.3,4.1,4.1,29.5,HIGH,175684364,850000,5
2025-03-30,RM-STL-01,열연강판 (Hot-Rolled Steel),철강,톤,161.1,45.6,0.0,3.2,14,700,0.23,3.2,3.2,23.0,HIGH,136918678,850000,5
2025-03-31,RM-STL-01,열연강판 (Hot-Rolled Steel),철강,톤,115.0,46.1,0.0,2.3,14,700,0.16,2.3,2.3,16.4,CRITICAL,97714344,850000,5
2025-04-01,RM-STL-01,열연강판 (Hot-Rolled Steel),철강,톤,63.4,51.5,0.0,1.3,14,700,0.09,1.3,1.3,9.1,CRITICAL,53904652,850000,5
2025-04-02,RM-STL-01,열연강판 (Hot-Rolled Steel),철강,톤,21.4,42.0,0.0,0.4,14,700,0.03,0.4,0.4,3.1,CRITICAL,18188652,850000,5
2025-04-03,RM-STL-01,열연강판 (Hot-Rolled Steel),철강,톤,0.0,42.3,0.0,0.0,14,700,0.0,0.0,0.0,0.0,CRITICAL,0,850000,5
2025-04-04,RM-STL-01,열연강판 (Hot-Rolled Steel),철강,톤,333.8,49.6,383.4,6.7,14,700,0.48,6.7,6.7,47.7,HIGH,283758772,850000,5
2025-04-05,RM-STL-01,열연강판 (Hot-Rolled Steel),철강,톤,289.6,44.2,0.0,5.8,14,700,0.41,5.8,5.8,41.4,HIGH,246169860,850000,5
2025-04-06,RM-STL-01,열연강판 (Hot-Rolled Steel),철강,톤,401.5,45.9,157.7,8.0,14,700,0.57,8.0,8.0,57.4,MEDIUM,341250113,850000,5
2025-04-07,RM-STL-01,열연강판 (Hot-Rolled Steel),철강,톤,349.8,51.7,0.0,7.0,14,700,0.5,7.0,7.0,50.0,HIGH,297334735,850000,5
2025-04-08,RM-STL-01,열연강판 (Hot-Rolled Steel),철강,톤,601.1,44.4,295.6,12.0,14,700,0.86,12.0,12.0,85.9,MEDIUM,510903203,850000,5
2025-04-09,RM-STL-01,열연강판 (Hot-Rolled Steel),철강,톤,545.9,55.2,0.0,10.9,14,700,0.78,10.9,10.9,78.0,MEDIUM,463989809,850000,5
2025-04-10,RM-STL-01,열연강판 (Hot-Rolled Steel),철강,톤,488.5,57.3,0.0,9.8,14,700,0.7,9.8,9.8,69.8,MEDIUM,415251940,850000,5
2025-04-11,RM-STL-01,열연강판 (Hot-Rolled Steel),철강,톤,437.4,51.1,0.0,8.7,14,700,0.62,8.7,8.7,62.5,MEDIUM,371822765,850000,5
2025-04-12,RM-STL-01,열연강판 (Hot-Rolled Steel),철강,톤,639.7,49.3,251.5,12.8,14,700,0.91,12.8,12.8,91.4,MEDIUM,543714939,850000,5
2025-04-13,RM-STL-01,열연강판 (Hot-Rolled Steel),철강,톤,990.6,51.3,402.2,19.8,14,700,1.42,19.8,14.0,100.0,LOW,842033933,850000,5
2025-04-14,RM-STL-01,열연강판 (Hot-Rolled Steel),철강,톤,942.6,48.0,0.0,18.9,14,700,1.35,18.9,14.0,100.0,LOW,801209357,850000,5
2025-04-15,RM-STL-01,열연강판 (Hot-Rolled Steel),철강,톤,886.1,56.5,0.0,17.7,14,700,1.27,17.7,14.0,100.0,LOW,753205130,850000,5
2025-04-16,RM-STL-01,열연강판 (Hot-Rolled Steel),철강,톤,1262.1,48.0,424.1,25.2,14,700,1.8,25.2,14.0,100.0,LOW,1072810986,850000,5
2025-04-17,RM-STL-01,열연강판 (Hot-Rolled Steel),철강,톤,1207.8,54.3,0.0,24.2,14,700,1.73,24.2,14.0,100.0,LOW,1026655328,850000,5
2025-04-18,RM-STL-01,열연강판 (Hot-Rolled Steel),철강,톤,1156.2,51.7,0.0,23.1,14,700,1.65,23.1,14.0,100.0,LOW,982739797,850000,5
2025-04-19,RM-STL-01,열연강판 (Hot-Rolled Steel),철강,톤,1536.7,58.8,439.4,30.7,14,700,2.2,30.7,14.0,100.0,LOW,1306199784,850000,5
2025-04-20,RM-STL-01,열연강판 (Hot-Rolled Steel),철강,톤,1494.1,42.6,0.0,29.9,14,700,2.13,29.9,14.0,100.0,LOW,1269990975,850000,5
2025-04-21,RM-STL-01,열연강판 (Hot-Rolled Steel),철강,톤,1442.7,51.4,0.0,28.9,14,700,2.06,28.9,14.0,100.0,LOW,1226270220,850000,5
2025-04-22,RM-STL-01,열연강판 (Hot-Rolled Steel),철강,톤,1394.2,48.4,0.0,27.9,14,700,1.99,27.9,14.0,100.0,LOW,1185089683,850000,5
2025-04-23,RM-STL-01,열연강판 (Hot-Rolled Steel),철강,톤,1688.3,53.5,347.6,33.8,14,700,2.41,33.8,14.0,100.0,LOW,1435089444,850000,5
2025-04-24,RM-STL-01,열연강판 (Hot-Rolled Steel),철강,톤,1629.7,58.6,0.0,32.6,14,700,2.33,32.6,14.0,100.0,LOW,1385276538,850000,5
2025-04-25,RM-STL-01,열연강판 (Hot-Rolled Steel),철강,톤,1587.0,42.8,0.0,31.7,14,700,2.27,31.7,14.0,100.0,LOW,1348911568,850000,5
2025-04-26,RM-STL-01,열연강판 (Hot-Rolled Steel),철강,톤,1929.9,43.7,386.6,38.6,14,700,2.76,38.6,14.0,100.0,LOW,1640446044,850000,5
2025-04-27,RM-STL-01,열연강판 (Hot-Rolled Steel),철강,톤,1871.1,58.9,0.0,37.4,14,700,2.67,37.4,14.0,100.0,LOW,1590398345,850000,5
2025-04-28,RM-STL-01,열연강판 (Hot-Rolled Steel),철강,톤,1818.4,52.7,0.0,36.4,14,700,2.6,36.4,14.0,100.0,LOW,1545614569,850000,5
2025-04-29,RM-STL-01,열연강판 (Hot-Rolled Steel),철강,톤,1768.4,50.0,0.0,35.4,14,700,2.53,35.4,14.0,100.0,LOW,1503138866,850000,5
2025-04-30,RM-STL-01,열연강판 (Hot-Rolled Steel),철강,톤,2138.7,49.5,419.8,42.8,14,700,3.06,42.8,14.0,100.0,LOW,1817854648,850000,5
2025-05-01,RM-STL-01,열연강판 (Hot-Rolled Steel),철강,톤,2098.6,40.1,0.0,42.0,14,700,3.0,42.0,14.0,100.0,LOW,1783805667,850000,5
2025-05-02,RM-STL-01,열연강판 (Hot-Rolled Steel),철강,톤,2047.6,51.0,0.0,41.0,14,700,2.93,41.0,14.0,100.0,LOW,1740420488,850000,5
2025-05-03,RM-STL-01,열연강판 (Hot-Rolled Steel),철강,톤,2000.1,47.4,0.0,40.0,14,700,2.86,40.0,14.0,100.0,LOW,1700110740,850000,5
2025-05-04,RM-STL-01,열연강판 (Hot-Rolled Steel),철강,톤,1947.2,53.0,0.0,38.9,14,700,2.78,38.9,14.0,100.0,LOW,1655099617,850000,5
2025-05-05,RM-STL-01,열연강판 (Hot-Rolled Steel),철강,톤,1906.5,40.7,0.0,38.1,14,700,2.72,38.1,14.0,100.0,LOW,1620488659,850000,5
2025-05-06,RM-STL-01,열연강판 (Hot-Rolled Steel),철강,톤,1863.9,42.5,0.0,37.3,14,700,2.66,37.3,14.0,100.0,LOW,1584351347,850000,5
2025-05-07,RM-STL-01,열연강판 (Hot-Rolled Steel),철강,톤,1822.9,41.0,0.0,36.5,14,700,2.6,36.5,14.0,100.0,LOW,1549463970,850000,5
2025-05-08,RM-STL-01,열연강판 (Hot-Rolled Steel),철강,톤,2154.7,51.6,383.4,43.1,14,700,3.08,43.1,14.0,100.0,LOW,1831510822,850000,5
2025-05-09,RM-STL-01,열연강판 (Hot-Rolled Steel),철강,톤,2098.3,56.5,0.0,42.0,14,700,3.0,42.0,14.0,100.0,LOW,1783514562,850000,5
2025-05-10,RM-STL-01,열연강판 (Hot-Rolled Steel),철강,톤,2056.3,42.0,0.0,41.1,14,700,2.94,41.1,14.0,100.0,LOW,1747816826,850000,5
2025-05-11,RM-STL-01,열연강판 (Hot-Rolled Steel),철강,톤,1998.0,58.2,0.0,40.0,14,700,2.85,40.0,14.0,100.0,LOW,1698328658,850000,5
2025-05-12,RM-STL-01,열연강판 (Hot-Rolled Steel),철강,톤,2204.6,59.0,265.6,44.1,14,700,3.15,44.1,14.0,100.0,LOW,1873945503,850000,5
2025-05-13,RM-STL-01,열연강판 (Hot-Rolled Steel),철강,톤,2146.5,58.1,0.0,42.9,14,700,3.07,42.9,14.0,100.0,LOW,1824542383,850000,5
2025-05-14,RM-STL-01,열연강판 (Hot-Rolled Steel),철강,톤,2505.8,57.6,416.8,50.1,14,700,3.58,50.1,14.0,100.0,LOW,2129909321,850000,5
2025-05-15,RM-STL-01,열연강판 (Hot-Rolled Steel),철강,톤,2456.7,49.1,0.0,49.1,14,700,3.51,49.1,14.0,100.0,LOW,2088175700,850000,5
2025-05-16,RM-STL-01,열연강판 (Hot-Rolled Steel),철강,톤,2414.0,42.6,0.0,48.3,14,700,3.45,48.3,14.0,100.0,LOW,2051939889,850000,5
2025-05-17,RM-STL-01,열연강판 (Hot-Rolled Steel),철강,톤,2372.5,41.5,0.0,47.5,14,700,3.39,47.5,14.0,100.0,LOW,2016641345,850000,5
2025-02-17,RM-ALM-01,알루미늄 잉곳 (Aluminum Ingot),비철금속,톤,235.0,19.5,0.0,11.8,10,200,1.18,11.8,11.8,83.9,LOW,752120628,3200000,4
2025-02-18,RM-ALM-01,알루미늄 잉곳 (Aluminum Ingot),비철금속,톤,213.1,21.9,0.0,10.7,10,200,1.07,10.7,10.7,76.1,LOW,682001548,3200000,4
2025-02-19,RM-ALM-01,알루미늄 잉곳 (Aluminum Ingot),비철금속,톤,192.6,20.6,0.0,9.6,10,200,0.96,9.6,9.6,68.8,MEDIUM,616192918,3200000,4
2025-02-20,RM-ALM-01,알루미늄 잉곳 (Aluminum Ingot),비철금속,톤,172.2,20.4,0.0,8.6,10,200,0.86,8.6,8.6,61.5,MEDIUM,550954337,3200000,4
2025-02-21,RM-ALM-01,알루미늄 잉곳 (Aluminum Ingot),비철금속,톤,151.8,20.4,0.0,7.6,10,200,0.76,7.6,7.6,54.2,MEDIUM,485752078,3200000,4
2025-02-22,RM-ALM-01,알루미늄 잉곳 (Aluminum Ingot),비철금속,톤,319.4,18.3,185.9,16.0,10,200,1.6,16.0,14.0,100.0,LOW,1022054721,3200000,4
2025-02-23,RM-ALM-01,알루미늄 잉곳 (Aluminum Ingot),비철금속,톤,297.7,21.7,0.0,14.9,10,200,1.49,14.9,14.0,100.0,LOW,952675254,3200000,4
2025-02-24,RM-ALM-01,알루미늄 잉곳 (Aluminum Ingot),비철금속,톤,419.4,19.8,141.5,21.0,10,200,2.1,21.0,14.0,100.0,LOW,1342185715,3200000,4
2025-02-25,RM-ALM-01,알루미늄 잉곳 (Aluminum Ingot),비철금속,톤,395.5,23.9,0.0,19.8,10,200,1.98,19.8,14.0,100.0,LOW,1265636368,3200000,4
2025-02-26,RM-ALM-01,알루미늄 잉곳 (Aluminum Ingot),비철금속,톤,374.3,21.2,0.0,18.7,10,200,1.87,18.7,14.0,100.0,LOW,1197771860,3200000,4
2025-02-27,RM-ALM-01,알루미늄 잉곳 (Aluminum Ingot),비철금속,톤,352.1,22.2,0.0,17.6,10,200,1.76,17.6,14.0,100.0,LOW,1126682503,3200000,4
2025-02-28,RM-ALM-01,알루미늄 잉곳 (Aluminum Ingot),비철금속,톤,331.1,21.0,0.0,16.6,10,200,1.66,16.6,14.0,100.0,LOW,1059617298,3200000,4
2025-03-01,RM-ALM-01,알루미늄 잉곳 (Aluminum Ingot),비철금속,톤,312.6,18.5,0.0,15.6,10,200,1.56,15.6,14.0,100.0,LOW,1000349534,3200000,4
2025-03-02,RM-ALM-01,알루미늄 잉곳 (Aluminum Ingot),비철금속,톤,292.4,20.2,0.0,14.6,10,200,1.46,14.6,14.0,100.0,LOW,935651545,3200000,4
2025-03-03,RM-ALM-01,알루미늄 잉곳 (Aluminum Ingot),비철금속,톤,271.2,21.1,0.0,13.6,10,200,1.36,13.6,13.6,96.9,LOW,867995381,3200000,4
2025-03-04,RM-ALM-01,알루미늄 잉곳 (Aluminum Ingot),비철금속,톤,252.5,18.7,0.0,12.6,10,200,1.26,12.6,12.6,90.2,LOW,808159473,3200000,4
2025-03-05,RM-ALM-01,알루미늄 잉곳 (Aluminum Ingot),비철금속,톤,236.1,16.5,0.0,11.8,10,200,1.18,11.8,11.8,84.3,LOW,755407373,3200000,4
2025-03-06,RM-ALM-01,알루미늄 잉곳 (Aluminum Ingot),비철금속,톤,212.6,23.4,0.0,10.6,10,200,1.06,10.6,10.6,75.9,LOW,680383839,3200000,4
2025-03-07,RM-ALM-01,알루미늄 잉곳 (Aluminum Ingot),비철금속,톤,196.3,16.4,0.0,9.8,10,200,0.98,9.8,9.8,70.1,MEDIUM,628043005,3200000,4
2025-03-08,RM-ALM-01,알루미늄 잉곳 (Aluminum Ingot),비철금속,톤,174.2,22.1,0.0,8.7,10,200,0.87,8.7,8.7,62.2,MEDIUM,557359144,3200000,4
2025-03-09,RM-ALM-01,알루미늄 잉곳 (Aluminum Ingot),비철금속,톤,150.5,23.7,0.0,7.5,10,200,0.75,7.5,7.5,53.7,MEDIUM,481524003,3200000,4
2025-03-10,RM-ALM-01,알루미늄 잉곳 (Aluminum Ingot),비철금속,톤,128.4,22.1,0.0,6.4,10,200,0.64,6.4,6.4,45.9,MEDIUM,410846132,3200000,4
2025-03-11,RM-ALM-01,알루미늄 잉곳 (Aluminum Ingot),비철금속,톤,108.7,19.7,0.0,5.4,10,200,0.54,5.4,5.4,38.8,MEDIUM,347906024,3200000,4
2025-03-12,RM-ALM-01,알루미늄 잉곳 (Aluminum Ingot),비철금속,톤,88.9,19.9,0.0,4.4,10,200,0.44,4.4,4.4,31.7,HIGH,284383890,3200000,4
2025-03-13,RM-ALM-01,알루미늄 잉곳 (Aluminum Ingot),비철금속,톤,71.8,17.1,0.0,3.6,10,200,0.36,3.6,3.6,25.6,HIGH,229676714,3200000,4
2025-03-14,RM-ALM-01,알루미늄 잉곳 (Aluminum Ingot),비철금속,톤,52.6,19.1,0.0,2.6,10,200,0.26,2.6,2.6,18.8,CRITICAL,168445141,3200000,4
2025-03-15,RM-ALM-01,알루미늄 잉곳 (Aluminum Ingot),비철금속,톤,31.5,21.1,0.0,1.6,10,200,0.16,1.6,1.6,11.3,CRITICAL,100949752,3200000,4
2025-03-16,RM-ALM-01,알루미늄 잉곳 (Aluminum Ingot),비철금속,톤,7.9,23.6,0.0,0.4,10,200,0.04,0.4,0.4,2.8,CRITICAL,25352440,3200000,4
2025-03-17,RM-ALM-01,알루미늄 잉곳 (Aluminum Ingot),비철금속,톤,0.0,19.7,0.0,0.0,10,200,0.0,0.0,0.0,0.0,CRITICAL,0,3200000,4
2025-03-18,RM-ALM-01,알루미늄 잉곳 (Aluminum Ingot),비철금속,톤,158.4,17.7,176.1,7.9,10,200,0.79,7.9,7.9,56.6,MEDIUM,506890149,3200000,4
2025-03-19,RM-ALM-01,알루미늄 잉곳 (Aluminum Ingot),비철금속,톤,136.5,21.9,0.0,6.8,10,200,0.68,6.8,6.8,48.8,MEDIUM,436947810,3200000,4
2025-03-20,RM-ALM-01,알루미늄 잉곳 (Aluminum Ingot),비철금속,톤,117.4,19.2,0.0,5.9,10,200,0.59,5.9,5.9,41.9,MEDIUM,375630538,3200000,4
2025-03-21,RM-ALM-01,알루미늄 잉곳 (Aluminum Ingot),비철금속,톤,98.2,19.1,0.0,4.9,10,200,0.49,4.9,4.9,35.1,HIGH,314375018,3200000,4
2025-03-22,RM-ALM-01,알루미늄 잉곳 (Aluminum Ingot),비철금속,톤,79.8,18.5,0.0,4.0,10,200,0.4,4.0,4.0,28.5,HIGH,255239019,3200000,4
2025-03-23,RM-ALM-01,알루미늄 잉곳 (Aluminum Ingot),비철금속,톤,57.5,22.3,0.0,2.9,10,200,0.29,2.9,2.9,20.5,CRITICAL,184036489,3200000,4
2025-03-24,RM-ALM-01,알루미늄 잉곳 (Aluminum Ingot),비철금속,톤,34.7,22.8,0.0,1.7,10,200,0.17,1.7,1.7,12.4,CRITICAL,110943190,3200000,4
2025-03-25,RM-ALM-01,알루미늄 잉곳 (Aluminum Ingot),비철금속,톤,12.4,22.3,0.0,0.6,10,200,0.06,0.6,0.6,4.4,CRITICAL,39662016,3200000,4
2025-03-26,RM-ALM-01,알루미늄 잉곳 (Aluminum Ingot),비철금속,톤,74.9,22.4,84.9,3.7,10,200,0.37,3.7,3.7,26.7,HIGH,239554216,3200000,4
2025-03-27,RM-ALM-01,알루미늄 잉곳 (Aluminum Ingot),비철금속,톤,54.7,20.1,0.0,2.7,10,200,0.27,2.7,2.7,19.6,CRITICAL,175178315,3200000,4
2025-03-28,RM-ALM-01,알루미늄 잉곳 (Aluminum Ingot),비철금속,톤,36.8,18.0,0.0,1.8,10,200,0.18,1.8,1.8,13.1,CRITICAL,117685645,3200000,4
2025-03-29,RM-ALM-01,알루미늄 잉곳 (Aluminum Ingot),비철금속,톤,20.8,16.0,0.0,1.0,10,200,0.1,1.0,1.0,7.4,CRITICAL,66474309,3200000,4
2025-03-30,RM-ALM-01,알루미늄 잉곳 (Aluminum Ingot),비철금속,톤,0.0,23.9,0.0,0.0,10,200,0.0,0.0,0.0,0.0,CRITICAL,0,3200000,4
2025-03-31,RM-ALM-01,알루미늄 잉곳 (Aluminum Ingot),비철금속,톤,0.0,20.1,0.0,0.0,10,200,0.0,0.0,0.0,0.0,CRITICAL,0,3200000,4
2025-04-01,RM-ALM-01,알루미늄 잉곳 (Aluminum Ingot),비철금속,톤,105.5,16.7,122.2,5.3,10,200,0.53,5.3,5.3,37.7,MEDIUM,337553201,3200000,4
2025-04-02,RM-ALM-01,알루미늄 잉곳 (Aluminum Ingot),비철금속,톤,87.3,18.2,0.0,4.4,10,200,0.44,4.4,4.4,31.2,HIGH,279299174,3200000,4
2025-04-03,RM-ALM-01,알루미늄 잉곳 (Aluminum Ingot),비철금속,톤,68.2,19.1,0.0,3.4,10,200,0.34,3.4,3.4,24.4,HIGH,218209300,3200000,4
2025-04-04,RM-ALM-01,알루미늄 잉곳 (Aluminum Ingot),비철금속,톤,45.4,22.8,0.0,2.3,10,200,0.23,2.3,2.3,16.2,CRITICAL,145319146,3200000,4
2025-04-05,RM-ALM-01,알루미늄 잉곳 (Aluminum Ingot),비철금속,톤,186.9,23.8,165.2,9.3,10,200,0.93,9.3,9.3,66.7,MEDIUM,597969150,3200000,4
2025-04-06,RM-ALM-01,알루미늄 잉곳 (Aluminum Ingot),비철금속,톤,169.0,17.8,0.0,8.5,10,200,0.85,8.5,8.5,60.4,MEDIUM,540914573,3200000,4
2025-04-07,RM-ALM-01,알루미늄 잉곳 (Aluminum Ingot),비철금속,톤,147.6,21.4,0.0,7.4,10,200,0.74,7.4,7.4,52.7,MEDIUM,472318095,3200000,4
2025-04-08,RM-ALM-01,알루미늄 잉곳 (Aluminum Ingot),비철금속,톤,125.8,21.8,0.0,6.3,10,200,0.63,6.3,6.3,44.9,MEDIUM,402707602,3200000,4
2025-04-09,RM-ALM-01,알루미늄 잉곳 (Aluminum Ingot),비철금속,톤,107.2,18.6,0.0,5.4,10,200,0.54,5.4,5.4,38.3,MEDIUM,343153338,3200000,4
2025-04-10,RM-ALM-01,알루미늄 잉곳 (Aluminum Ingot),비철금속,톤,87.8,19.4,0.0,4.4,10,200,0.44,4.4,4.4,31.4,HIGH,280942704,3200000,4
2025-04-11,RM-ALM-01,알루미늄 잉곳 (Aluminum Ingot),비철금속,톤,68.6,19.2,0.0,3.4,10,200,0.34,3.4,3.4,24.5,HIGH,219478595,3200000,4
2025-04-12,RM-ALM-01,알루미늄 잉곳 (Aluminum Ingot),비철금속,톤,45.5,23.1,0.0,2.3,10,200,0.23,2.3,2.3,16.2,CRITICAL,145523077,3200000,4
2025-04-13,RM-ALM-01,알루미늄 잉곳 (Aluminum Ingot),비철금속,톤,27.4,18.0,0.0,1.4,10,200,0.14,1.4,1.4,9.8,CRITICAL,87787165,3200000,4
2025-04-14,RM-ALM-01,알루미늄 잉곳 (Aluminum Ingot),비철금속,톤,11.2,16.3,0.0,0.6,10,200,0.06,0.6,0.6,4.0,CRITICAL,35747238,3200000,4
2025-04-15,RM-ALM-01,알루미늄 잉곳 (Aluminum Ingot),비철금속,톤,0.0,18.4,0.0,0.0,10,200,0.0,0.0,0.0,0.0,CRITICAL,0,3200000,4
2025-04-16,RM-ALM-01,알루미늄 잉곳 (Aluminum Ingot),비철금속,톤,0.0,16.8,0.0,0.0,10,200,0.0,0.0,0.0,0.0,CRITICAL,0,3200000,4
2025-04-17,RM-ALM-01,알루미늄 잉곳 (Aluminum Ingot),비철금속,톤,0.0,21.8,0.0,0.0,10,200,0.0,0.0,0.0,0.0,CRITICAL,0,3200000,4
2025-04-18,RM-ALM-01,알루미늄 잉곳 (Aluminum Ingot),비철금속,톤,0.0,22.6,0.0,0.0,10,200,0.0,0.0,0.0,0.0,CRITICAL,0,3200000,4
2025-04-19,RM-ALM-01,알루미늄 잉곳 (Aluminum Ingot),비철금속,톤,0.0,16.4,0.0,0.0,10,200,0.0,0.0,0.0,0.0,CRITICAL,0,3200000,4
2025-04-20,RM-ALM-01,알루미늄 잉곳 (Aluminum Ingot),비철금속,톤,0.0,19.1,0.0,0.0,10,200,0.0,0.0,0.0,0.0,CRITICAL,0,3200000,4
2025-04-21,RM-ALM-01,알루미늄 잉곳 (Aluminum Ingot),비철금속,톤,140.5,20.7,161.2,7.0,10,200,0.7,7.0,7.0,50.2,MEDIUM,449646431,3200000,4
2025-04-22,RM-ALM-01,알루미늄 잉곳 (Aluminum Ingot),비철금속,톤,244.2,17.6,121.2,12.2,10,200,1.22,12.2,12.2,87.2,LOW,781303991,3200000,4
2025-04-23,RM-ALM-01,알루미늄 잉곳 (Aluminum Ingot),비철금속,톤,324.5,23.1,103.4,16.2,10,200,1.62,16.2,14.0,100.0,LOW,1038423865,3200000,4
2025-04-24,RM-ALM-01,알루미늄 잉곳 (Aluminum Ingot),비철금속,톤,302.7,21.9,0.0,15.1,10,200,1.51,15.1,14.0,100.0,LOW,968491711,3200000,4
2025-04-25,RM-ALM-01,알루미늄 잉곳 (Aluminum Ingot),비철금속,톤,280.6,22.1,0.0,14.0,10,200,1.4,14.0,14.0,100.0,LOW,897859546,3200000,4
2025-04-26,RM-ALM-01,알루미늄 잉곳 (Aluminum Ingot),비철금속,톤,258.0,22.5,0.0,12.9,10,200,1.29,12.9,12.9,92.2,LOW,825718062,3200000,4
2025-04-27,RM-ALM-01,알루미늄 잉곳 (Aluminum Ingot),비철금속,톤,241.0,17.0,0.0,12.1,10,200,1.21,12.1,12.1,86.1,LOW,771308936,3200000,4
2025-04-28,RM-ALM-01,알루미늄 잉곳 (Aluminum Ingot),비철금속,톤,221.8,19.2,0.0,11.1,10,200,1.11,11.1,11.1,79.2,LOW,709721706,3200000,4
2025-04-29,RM-ALM-01,알루미늄 잉곳 (Aluminum Ingot),비철금속,톤,319.5,20.3,118.0,16.0,10,200,1.6,16.0,14.0,100.0,LOW,1022316881,3200000,4
2025-04-30,RM-ALM-01,알루미늄 잉곳 (Aluminum Ingot),비철금속,톤,429.9,22.0,132.5,21.5,10,200,2.15,21.5,14.0,100.0,LOW,1375701983,3200000,4
2025-05-01,RM-ALM-01,알루미늄 잉곳 (Aluminum Ingot),비철금속,톤,411.8,18.2,0.0,20.6,10,200,2.06,20.6,14.0,100.0,LOW,1317619507,3200000,4
2025-05-02,RM-ALM-01,알루미늄 잉곳 (Aluminum Ingot),비철금속,톤,392.9,18.9,0.0,19.6,10,200,1.96,19.6,14.0,100.0,LOW,1257159724,3200000,4
2025-05-03,RM-ALM-01,알루미늄 잉곳 (Aluminum Ingot),비철금속,톤,375.8,17.0,0.0,18.8,10,200,1.88,18.8,14.0,100.0,LOW,1202633225,3200000,4
2025-05-04,RM-ALM-01,알루미늄 잉곳 (Aluminum Ingot),비철금속,톤,354.2,21.7,0.0,17.7,10,200,1.77,17.7,14.0,100.0,LOW,1133295889,3200000,4
2025-05-05,RM-ALM-01,알루미늄 잉곳 (Aluminum Ingot),비철금속,톤,408.3,19.6,73.8,20.4,10,200,2.04,20.4,14.0,100.0,LOW,1306615536,3200000,4
2025-05-06,RM-ALM-01,알루미늄 잉곳 (Aluminum Ingot),비철금속,톤,565.0,22.4,179.1,28.2,10,200,2.82,28.2,14.0,100.0,LOW,1807856756,3200000,4
2025-05-07,RM-ALM-01,알루미늄 잉곳 (Aluminum Ingot),비철금속,톤,626.1,18.8,79.9,31.3,10,200,3.13,31.3,14.0,100.0,LOW,2003527252,3200000,4
2025-05-08,RM-ALM-01,알루미늄 잉곳 (Aluminum Ingot),비철금속,톤,608.4,17.7,0.0,30.4,10,200,3.04,30.4,14.0,100.0,LOW,1946864382,3200000,4
2025-05-09,RM-ALM-01,알루미늄 잉곳 (Aluminum Ingot),비철금속,톤,591.4,17.0,0.0,29.6,10,200,2.96,29.6,14.0,100.0,LOW,1892621197,3200000,4
2025-05-10,RM-ALM-01,알루미늄 잉곳 (Aluminum Ingot),비철금속,톤,572.0,19.5,0.0,28.6,10,200,2.86,28.6,14.0,100.0,LOW,1830276897,3200000,4
2025-05-11,RM-ALM-01,알루미늄 잉곳 (Aluminum Ingot),비철금속,톤,552.1,19.9,0.0,27.6,10,200,2.76,27.6,14.0,100.0,LOW,1766724887,3200000,4
2025-05-12,RM-ALM-01,알루미늄 잉곳 (Aluminum Ingot),비철금속,톤,606.3,23.3,77.4,30.3,10,200,3.03,30.3,14.0,100.0,LOW,1940040146,3200000,4
2025-05-13,RM-ALM-01,알루미늄 잉곳 (Aluminum Ingot),비철금속,톤,583.9,22.4,0.0,29.2,10,200,2.92,29.2,14.0,100.0,LOW,1868422934,3200000,4
2025-05-14,RM-ALM-01,알루미늄 잉곳 (Aluminum Ingot),비철금속,톤,567.1,16.8,0.0,28.4,10,200,2.84,28.4,14.0,100.0,LOW,1814726567,3200000,4
2025-05-15,RM-ALM-01,알루미늄 잉곳 (Aluminum Ingot),비철금속,톤,545.5,21.6,0.0,27.3,10,200,2.73,27.3,14.0,100.0,LOW,1745448022,3200000,4
2025-05-16,RM-ALM-01,알루미늄 잉곳 (Aluminum Ingot),비철금속,톤,526.0,19.4,0.0,26.3,10,200,2.63,26.3,14.0,100.0,LOW,1683250366,3200000,4
2025-05-17,RM-ALM-01,알루미늄 잉곳 (Aluminum Ingot),비철금속,톤,509.1,16.9,0.0,25.5,10,200,2.55,25.5,14.0,100.0,LOW,1629016961,3200000,4
2025-02-17,RM-CPR-01,전해동판 (Copper Cathode),비철금속,톤,187.2,7.1,0.0,23.4,10,80,2.34,23.4,14.0,100.0,LOW,1778120001,9500000,4
2025-02-18,RM-CPR-01,전해동판 (Copper Cathode),비철금속,톤,178.6,8.6,0.0,22.3,10,80,2.23,22.3,14.0,100.0,LOW,1696734567,9500000,4
2025-02-19,RM-CPR-01,전해동판 (Copper Cathode),비철금속,톤,169.6,9.0,0.0,21.2,10,80,2.12,21.2,14.0,100.0,LOW,1611115679,9500000,4
2025-02-20,RM-CPR-01,전해동판 (Copper Cathode),비철금속,톤,162.2,7.4,0.0,20.3,10,80,2.03,20.3,14.0,100.0,LOW,1540804639,9500000,4
2025-02-21,RM-CPR-01,전해동판 (Copper Cathode),비철금속,톤,152.6,9.5,0.0,19.1,10,80,1.91,19.1,14.0,100.0,LOW,1450154706,9500000,4
2025-02-22,RM-CPR-01,전해동판 (Copper Cathode),비철금속,톤,191.6,6.9,45.9,24.0,10,80,2.4,24.0,14.0,100.0,LOW,1820248012,9500000,4
2025-02-23,RM-CPR-01,전해동판 (Copper Cathode),비철금속,톤,184.6,7.0,0.0,23.1,10,80,2.31,23.1,14.0,100.0,LOW,1753628610,9500000,4
2025-02-24,RM-CPR-01,전해동판 (Copper Cathode),비철금속,톤,176.8,7.8,0.0,22.1,10,80,2.21,22.1,14.0,100.0,LOW,1679740188,9500000,4
2025-02-25,RM-CPR-01,전해동판 (Copper Cathode),비철금속,톤,169.6,7.2,0.0,21.2,10,80,2.12,21.2,14.0,100.0,LOW,1611427389,9500000,4
2025-02-26,RM-CPR-01,전해동판 (Copper Cathode),비철금속,톤,162.2,7.5,0.0,20.3,10,80,2.03,20.3,14.0,100.0,LOW,1540490126,9500000,4
2025-02-27,RM-CPR-01,전해동판 (Copper Cathode),비철금속,톤,155.1,7.1,0.0,19.4,10,80,1.94,19.4,14.0,100.0,LOW,1473445923,9500000,4
2025-02-28,RM-CPR-01,전해동판 (Copper Cathode),비철금속,톤,146.2,8.9,0.0,18.3,10,80,1.83,18.3,14.0,100.0,LOW,1388786123,9500000,4
2025-03-01,RM-CPR-01,전해동판 (Copper Cathode),비철금속,톤,137.3,8.9,0.0,17.2,10,80,1.72,17.2,14.0,100.0,LOW,1304243848,9500000,4
2025-03-02,RM-CPR-01,전해동판 (Copper Cathode),비철금속,톤,127.7,9.6,0.0,16.0,10,80,1.6,16.0,14.0,100.0,LOW,1213336850,9500000,4
2025-03-03,RM-CPR-01,전해동판 (Copper Cathode),비철금속,톤,197.1,9.3,78.7,24.6,10,80,2.46,24.6,14.0,100.0,LOW,1872548476,9500000,4
2025-03-04,RM-CPR-01,전해동판 (Copper Cathode),비철금속,톤,190.4,6.7,0.0,23.8,10,80,2.38,23.8,14.0,100.0,LOW,1808613587,9500000,4
2025-03-05,RM-CPR-01,전해동판 (Copper Cathode),비철금속,톤,182.2,8.2,0.0,22.8,10,80,2.28,22.8,14.0,100.0,LOW,1730926526,9500000,4
2025-03-06,RM-CPR-01,전해동판 (Copper Cathode),비철금속,톤,175.1,7.1,0.0,21.9,10,80,2.19,21.9,14.0,100.0,LOW,1663911532,9500000,4
2025-03-07,RM-CPR-01,전해동판 (Copper Cathode),비철금속,톤,166.8,8.3,0.0,20.9,10,80,2.09,20.9,14.0,100.0,LOW,1584704859,9500000,4
2025-03-08,RM-CPR-01,전해동판 (Copper Cathode),비철금속,톤,158.4,8.4,0.0,19.8,10,80,1.98,19.8,14.0,100.0,LOW,1504731565,9500000,4
2025-03-09,RM-CPR-01,전해동판 (Copper Cathode),비철금속,톤,151.5,6.9,0.0,18.9,10,80,1.89,18.9,14.0,100.0,LOW,1439555731,9500000,4
2025-03-10,RM-CPR-01,전해동판 (Copper Cathode),비철금속,톤,205.1,9.4,63.0,25.6,10,80,2.56,25.6,14.0,100.0,LOW,1948784114,9500000,4
2025-03-11,RM-CPR-01,전해동판 (Copper Cathode),비철금속,톤,257.2,7.9,59.9,32.2,10,80,3.22,32.2,14.0,100.0,LOW,2443408414,9500000,4
2025-03-12,RM-CPR-01,전해동판 (Copper Cathode),비철금속,톤,248.5,8.7,0.0,31.1,10,80,3.11,31.1,14.0,100.0,LOW,2361213128,9500000,4
2025-03-13,RM-CPR-01,전해동판 (Copper Cathode),비철금속,톤,240.7,7.8,0.0,30.1,10,80,3.01,30.1,14.0,100.0,LOW,2286712259,9500000,4
2025-03-14,RM-CPR-01,전해동판 (Copper Cathode),비철금속,톤,266.4,8.1,33.7,33.3,10,80,3.33,33.3,14.0,100.0,LOW,2530540721,9500000,4
2025-03-15,RM-CPR-01,전해동판 (Copper Cathode),비철금속,톤,259.6,6.8,0.0,32.4,10,80,3.24,32.4,14.0,100.0,LOW,2466181913,9500000,4
2025-03-16,RM-CPR-01,전해동판 (Copper Cathode),비철금속,톤,252.5,7.1,0.0,31.6,10,80,3.16,31.6,14.0,100.0,LOW,2398904129,9500000,4
2025-03-17,RM-CPR-01,전해동판 (Copper Cathode),비철금속,톤,243.6,8.9,0.0,30.5,10,80,3.05,30.5,14.0,100.0,LOW,2314626178,9500000,4
2025-03-18,RM-CPR-01,전해동판 (Copper Cathode),비철금속,톤,237.1,6.6,0.0,29.6,10,80,2.96,29.6,14.0,100.0,LOW,2252291314,9500000,4
2025-03-19,RM-CPR-01,전해동판 (Copper Cathode),비철금속,톤,227.7,9.4,0.0,28.5,10,80,2.85,28.5,14.0,100.0,LOW,2163028793,9500000,4
2025-03-20,RM-CPR-01,전해동판 (Copper Cathode),비철금속,톤,220.6,7.1,0.0,27.6,10,80,2.76,27.6,14.0,100.0,LOW,2095526089,9500000,4
2025-03-21,RM-CPR-01,전해동판 (Copper Cathode),비철금속,톤,211.8,8.8,0.0,26.5,10,80,2.65,26.5,14.0,100.0,LOW,2012248079,9500000,4
2025-03-22,RM-CPR-01,전해동판 (Copper Cathode),비철금속,톤,203.8,8.0,0.0,25.5,10,80,2.55,25.5,14.0,100.0,LOW,1936307651,9500000,4
2025-03-23,RM-CPR-01,전해동판 (Copper Cathode),비철금속,톤,266.8,9.2,72.2,33.4,10,80,3.34,33.4,14.0,100.0,LOW,2534671958,9500000,4
2025-03-24,RM-CPR-01,전해동판 (Copper Cathode),비철금속,톤,257.8,9.0,0.0,32.2,10,80,3.22,32.2,14.0,100.0,LOW,2449027488,9500000,4
2025-03-25,RM-CPR-01,전해동판 (Copper Cathode),비철금속,톤,248.2,9.6,0.0,31.0,10,80,3.1,31.0,14.0,100.0,LOW,2357941115,9500000,4
2025-03-26,RM-CPR-01,전해동판 (Copper Cathode),비철금속,톤,239.7,8.5,0.0,30.0,10,80,3.0,30.0,14.0,100.0,LOW,2276752579,9500000,4
2025-03-27,RM-CPR-01,전해동판 (Copper Cathode),비철금속,톤,231.2,8.5,0.0,28.9,10,80,2.89,28.9,14.0,100.0,LOW,2196071158,9500000,4
2025-03-28,RM-CPR-01,전해동판 (Copper Cathode),비철금속,톤,246.7,9.3,24.9,30.8,10,80,3.08,30.8,14.0,100.0,LOW,2343973531,9500000,4
2025-03-29,RM-CPR-01,전해동판 (Copper Cathode),비철금속,톤,240.1,6.6,0.0,30.0,10,80,3.0,30.0,14.0,100.0,LOW,2280828318,9500000,4
2025-03-30,RM-CPR-01,전해동판 (Copper Cathode),비철금속,톤,232.3,7.8,0.0,29.0,10,80,2.9,29.0,14.0,100.0,LOW,2207115264,9500000,4
2025-03-31,RM-CPR-01,전해동판 (Copper Cathode),비철금속,톤,224.0,8.3,0.0,28.0,10,80,2.8,28.0,14.0,100.0,LOW,2128233246,9500000,4
2025-04-01,RM-CPR-01,전해동판 (Copper Cathode),비철금속,톤,214.8,9.2,0.0,26.8,10,80,2.68,26.8,14.0,100.0,LOW,2040530331,9500000,4
2025-04-02,RM-CPR-01,전해동판 (Copper Cathode),비철금속,톤,207.5,7.3,0.0,25.9,10,80,2.59,25.9,14.0,100.0,LOW,1971117866,9500000,4
2025-04-03,RM-CPR-01,전해동판 (Copper Cathode),비철금속,톤,199.4,8.0,0.0,24.9,10,80,2.49,24.9,14.0,100.0,LOW,1894704090,9500000,4
2025-04-04,RM-CPR-01,전해동판 (Copper Cathode),비철금속,톤,192.1,7.3,0.0,24.0,10,80,2.4,24.0,14.0,100.0,LOW,1825042620,9500000,4
2025-04-05,RM-CPR-01,전해동판 (Copper Cathode),비철금속,톤,185.0,7.1,0.0,23.1,10,80,2.31,23.1,14.0,100.0,LOW,1757973611,9500000,4
2025-04-06,RM-CPR-01,전해동판 (Copper Cathode),비철금속,톤,175.9,9.2,0.0,22.0,10,80,2.2,22.0,14.0,100.0,LOW,1670871733,9500000,4
2025-04-07,RM-CPR-01,전해동판 (Copper Cathode),비철금속,톤,169.4,6.5,0.0,21.2,10,80,2.12,21.2,14.0,100.0,LOW,1609007492,9500000,4
2025-04-08,RM-CPR-01,전해동판 (Copper Cathode),비철금속,톤,160.2,9.2,0.0,20.0,10,80,2.0,20.0,14.0,100.0,LOW,1521646316,9500000,4
2025-04-09,RM-CPR-01,전해동판 (Copper Cathode),비철금속,톤,152.2,8.0,0.0,19.0,10,80,1.9,19.0,14.0,100.0,LOW,1445663590,9500000,4
2025-04-10,RM-CPR-01,전해동판 (Copper Cathode),비철금속,톤,143.3,8.9,0.0,17.9,10,80,1.79,17.9,14.0,100.0,LOW,1361030374,9500000,4
2025-04-11,RM-CPR-01,전해동판 (Copper Cathode),비철금속,톤,134.4,8.9,0.0,16.8,10,80,1.68,16.8,14.0,100.0,LOW,1276363404,9500000,4
2025-04-12,RM-CPR-01,전해동판 (Copper Cathode),비철금속,톤,126.1,8.3,0.0,15.8,10,80,1.58,15.8,14.0,100.0,LOW,1197620331,9500000,4
2025-04-13,RM-CPR-01,전해동판 (Copper Cathode),비철금속,톤,183.5,6.5,63.9,22.9,10,80,2.29,22.9,14.0,100.0,LOW,1743254392,9500000,4
2025-04-14,RM-CPR-01,전해동판 (Copper Cathode),비철금속,톤,177.1,6.4,0.0,22.1,10,80,2.21,22.1,14.0,100.0,LOW,1682105021,9500000,4
2025-04-15,RM-CPR-01,전해동판 (Copper Cathode),비철금속,톤,170.3,6.8,0.0,21.3,10,80,2.13,21.3,14.0,100.0,LOW,1617903850,9500000,4
2025-04-16,RM-CPR-01,전해동판 (Copper Cathode),비철금속,톤,160.9,9.4,0.0,20.1,10,80,2.01,20.1,14.0,100.0,LOW,1528450898,9500000,4
2025-04-17,RM-CPR-01,전해동판 (Copper Cathode),비철금속,톤,151.8,9.0,0.0,19.0,10,80,1.9,19.0,14.0,100.0,LOW,1442525661,9500000,4
2025-04-18,RM-CPR-01,전해동판 (Copper Cathode),비철금속,톤,145.4,6.4,0.0,18.2,10,80,1.82,18.2,14.0,100.0,LOW,1381483543,9500000,4
2025-04-19,RM-CPR-01,전해동판 (Copper Cathode),비철금속,톤,137.2,8.2,0.0,17.2,10,80,1.72,17.2,14.0,100.0,LOW,1303860785,9500000,4
2025-04-20,RM-CPR-01,전해동판 (Copper Cathode),비철금속,톤,130.6,6.6,0.0,16.3,10,80,1.63,16.3,14.0,100.0,LOW,1240731056,9500000,4
2025-04-21,RM-CPR-01,전해동판 (Copper Cathode),비철금속,톤,123.5,7.1,0.0,15.4,10,80,1.54,15.4,14.0,100.0,LOW,1173362829,9500000,4
2025-04-22,RM-CPR-01,전해동판 (Copper Cathode),비철금속,톤,115.1,8.4,0.0,14.4,10,80,1.44,14.4,14.0,100.0,LOW,1093343444,9500000,4
2025-04-23,RM-CPR-01,전해동판 (Copper Cathode),비철금속,톤,107.9,7.1,0.0,13.5,10,80,1.35,13.5,13.5,96.4,LOW,1025497223,9500000,4
2025-04-24,RM-CPR-01,전해동판 (Copper Cathode),비철금속,톤,101.3,6.6,0.0,12.7,10,80,1.27,12.7,12.7,90.4,LOW,962336944,9500000,4
2025-04-25,RM-CPR-01,전해동판 (Copper Cathode),비철금속,톤,93.2,8.1,0.0,11.7,10,80,1.17,11.7,11.7,83.2,LOW,885680322,9500000,4
2025-04-26,RM-CPR-01,전해동판 (Copper Cathode),비철금속,톤,85.7,7.5,0.0,10.7,10,80,1.07,10.7,10.7,76.5,LOW,814398967,9500000,4
2025-04-27,RM-CPR-01,전해동판 (Copper Cathode),비철금속,톤,79.3,6.4,0.0,9.9,10,80,0.99,9.9,9.9,70.8,MEDIUM,753196135,9500000,4
2025-04-28,RM-CPR-01,전해동판 (Copper Cathode),비철금속,톤,71.6,7.7,0.0,8.9,10,80,0.89,8.9,8.9,63.9,MEDIUM,679898890,9500000,4
2025-04-29,RM-CPR-01,전해동판 (Copper Cathode),비철금속,톤,63.6,8.0,0.0,8.0,10,80,0.8,8.0,8.0,56.8,MEDIUM,604221846,9500000,4
2025-04-30,RM-CPR-01,전해동판 (Copper Cathode),비철금속,톤,54.4,9.2,0.0,6.8,10,80,0.68,6.8,6.8,48.6,MEDIUM,517187485,9500000,4
2025-05-01,RM-CPR-01,전해동판 (Copper Cathode),비철금속,톤,47.1,7.3,0.0,5.9,10,80,0.59,5.9,5.9,42.0,MEDIUM,447365169,9500000,4
2025-05-02,RM-CPR-01,전해동판 (Copper Cathode),비철금속,톤,39.4,7.7,0.0,4.9,10,80,0.49,4.9,4.9,35.1,HIGH,373973461,9500000,4
2025-05-03,RM-CPR-01,전해동판 (Copper Cathode),비철금속,톤,32.6,6.8,0.0,4.1,10,80,0.41,4.1,4.1,29.1,HIGH,309480001,9500000,4
2025-05-04,RM-CPR-01,전해동판 (Copper Cathode),비철금속,톤,59.1,6.8,33.3,7.4,10,80,0.74,7.4,7.4,52.8,MEDIUM,561887514,9500000,4
2025-05-05,RM-CPR-01,전해동판 (Copper Cathode),비철금속,톤,52.0,7.2,0.0,6.5,10,80,0.65,6.5,6.5,46.4,MEDIUM,493678138,9500000,4
2025-05-06,RM-CPR-01,전해동판 (Copper Cathode),비철금속,톤,43.2,8.8,0.0,5.4,10,80,0.54,5.4,5.4,38.5,MEDIUM,410096668,9500000,4
2025-05-07,RM-CPR-01,전해동판 (Copper Cathode),비철금속,톤,35.4,7.7,0.0,4.4,10,80,0.44,4.4,4.4,31.6,HIGH,336688699,9500000,4
2025-05-08,RM-CPR-01,전해동판 (Copper Cathode),비철금속,톤,26.9,8.6,0.0,3.4,10,80,0.34,3.4,3.4,24.0,HIGH,255247753,9500000,4
2025-05-09,RM-CPR-01,전해동판 (Copper Cathode),비철금속,톤,19.8,7.1,0.0,2.5,10,80,0.25,2.5,2.5,17.7,CRITICAL,188256272,9500000,4
2025-05-10,RM-CPR-01,전해동판 (Copper Cathode),비철금속,톤,74.6,8.2,63.0,9.3,10,80,0.93,9.3,9.3,66.6,MEDIUM,708569535,9500000,4
2025-05-11,RM-CPR-01,전해동판 (Copper Cathode),비철금속,톤,66.6,8.0,0.0,8.3,10,80,0.83,8.3,8.3,59.5,MEDIUM,632700140,9500000,4
2025-05-12,RM-CPR-01,전해동판 (Copper Cathode),비철금속,톤,57.1,9.5,0.0,7.1,10,80,0.71,7.1,7.1,50.9,MEDIUM,542094899,9500000,4
2025-05-13,RM-CPR-01,전해동판 (Copper Cathode),비철금속,톤,48.2,8.8,0.0,6.0,10,80,0.6,6.0,6.0,43.0,MEDIUM,458044950,9500000,4
2025-05-14,RM-CPR-01,전해동판 (Copper Cathode),비철금속,톤,38.8,9.4,0.0,4.8,10,80,0.48,4.8,4.8,34.6,HIGH,368321112,9500000,4
2025-05-15,RM-CPR-01,전해동판 (Copper Cathode),비철금속,톤,29.6,9.1,0.0,3.7,10,80,0.37,3.7,3.7,26.5,HIGH,281458921,9500000,4
2025-05-16,RM-CPR-01,전해동판 (Copper Cathode),비철금속,톤,20.4,9.2,0.0,2.5,10,80,0.25,2.5,2.5,18.2,CRITICAL,193736080,9500000,4
2025-05-17,RM-CPR-01,전해동판 (Copper Cathode),비철금속,톤,11.2,9.2,0.0,1.4,10,80,0.14,1.4,1.4,10.0,CRITICAL,106136551,9500000,4
2025-02-17,RM-CHM-01,리튬 (Lithium Carbonate),화학,톤,218.6,4.9,0.0,43.7,21,105,2.08,43.7,14.0,100.0,LOW,9837468937,45000000,7
2025-02-18,RM-CHM-01,리튬 (Lithium Carbonate),화학,톤,214.4,4.3,0.0,42.9,21,105,2.04,42.9,14.0,100.0,LOW,9646004159,45000000,7
2025-02-19,RM-CHM-01,리튬 (Lithium Carbonate),화학,톤,209.3,5.0,0.0,41.9,21,105,1.99,41.9,14.0,100.0,LOW,9420053598,45000000,7
2025-02-20,RM-CHM-01,리튬 (Lithium Carbonate),화학,톤,242.0,5.0,37.7,48.4,21,105,2.31,48.4,14.0,100.0,LOW,10891707016,45000000,7
2025-02-21,RM-CHM-01,리튬 (Lithium Carbonate),화학,톤,238.0,4.0,0.0,47.6,21,105,2.27,47.6,14.0,100.0,LOW,10710311267,45000000,7
2025-02-22,RM-CHM-01,리튬 (Lithium Carbonate),화학,톤,233.9,4.1,0.0,46.8,21,105,2.23,46.8,14.0,100.0,LOW,10526532578,45000000,7
2025-02-23,RM-CHM-01,리튬 (Lithium Carbonate),화학,톤,228.4,5.5,0.0,45.7,21,105,2.18,45.7,14.0,100.0,LOW,10279655239,45000000,7
2025-02-24,RM-CHM-01,리튬 (Lithium Carbonate),화학,톤,222.5,6.0,0.0,44.5,21,105,2.12,44.5,14.0,100.0,LOW,10011301579,45000000,7
2025-02-25,RM-CHM-01,리튬 (Lithium Carbonate),화학,톤,216.5,6.0,0.0,43.3,21,105,2.06,43.3,14.0,100.0,LOW,9742271981,45000000,7
2025-02-26,RM-CHM-01,리튬 (Lithium Carbonate),화학,톤,212.4,4.1,0.0,42.5,21,105,2.02,42.5,14.0,100.0,LOW,9558416601,45000000,7
2025-02-27,RM-CHM-01,리튬 (Lithium Carbonate),화학,톤,207.0,5.5,0.0,41.4,21,105,1.97,41.4,14.0,100.0,LOW,9312785474,45000000,7
2025-02-28,RM-CHM-01,리튬 (Lithium Carbonate),화학,톤,202.2,4.7,0.0,40.4,21,105,1.93,40.4,14.0,100.0,LOW,9099082238,45000000,7
2025-03-01,RM-CHM-01,리튬 (Lithium Carbonate),화학,톤,197.5,4.7,0.0,39.5,21,105,1.88,39.5,14.0,100.0,LOW,8887587193,45000000,7
2025-03-02,RM-CHM-01,리튬 (Lithium Carbonate),화학,톤,191.8,5.7,0.0,38.4,21,105,1.83,38.4,14.0,100.0,LOW,8632764100,45000000,7
2025-03-03,RM-CHM-01,리튬 (Lithium Carbonate),화학,톤,203.3,5.3,16.7,40.7,21,105,1.94,40.7,14.0,100.0,LOW,9147520939,45000000,7
2025-03-04,RM-CHM-01,리튬 (Lithium Carbonate),화학,톤,198.1,5.2,0.0,39.6,21,105,1.89,39.6,14.0,100.0,LOW,8915229580,45000000,7
2025-03-05,RM-CHM-01,리튬 (Lithium Carbonate),화학,톤,193.1,5.0,0.0,38.6,21,105,1.84,38.6,14.0,100.0,LOW,8688332993,45000000,7
2025-03-06,RM-CHM-01,리튬 (Lithium Carbonate),화학,톤,227.5,5.5,40.0,45.5,21,105,2.17,45.5,14.0,100.0,LOW,10238414316,45000000,7
2025-03-07,RM-CHM-01,리튬 (Lithium Carbonate),화학,톤,222.7,4.8,0.0,44.5,21,105,2.12,44.5,14.0,100.0,LOW,10023618501,45000000,7
2025-03-08,RM-CHM-01,리튬 (Lithium Carbonate),화학,톤,254.2,4.8,36.2,50.8,21,105,2.42,50.8,14.0,100.0,LOW,11436974055,45000000,7
2025-03-09,RM-CHM-01,리튬 (Lithium Carbonate),화학,톤,249.3,4.9,0.0,49.9,21,105,2.37,49.9,14.0,100.0,LOW,11217989375,45000000,7
2025-03-10,RM-CHM-01,리튬 (Lithium Carbonate),화학,톤,244.2,5.1,0.0,48.8,21,105,2.33,48.8,14.0,100.0,LOW,10989241197,45000000,7
2025-03-11,RM-CHM-01,리튬 (Lithium Carbonate),화학,톤,239.4,4.8,0.0,47.9,21,105,2.28,47.9,14.0,100.0,LOW,10771893788,45000000,7
2025-03-12,RM-CHM-01,리튬 (Lithium Carbonate),화학,톤,234.2,5.2,0.0,46.8,21,105,2.23,46.8,14.0,100.0,LOW,10538928344,45000000,7
2025-03-13,RM-CHM-01,리튬 (Lithium Carbonate),화학,톤,228.5,5.7,0.0,45.7,21,105,2.18,45.7,14.0,100.0,LOW,10281392110,45000000,7
2025-03-14,RM-CHM-01,리튬 (Lithium Carbonate),화학,톤,223.0,5.5,0.0,44.6,21,105,2.12,44.6,14.0,100.0,LOW,10034274306,45000000,7
2025-03-15,RM-CHM-01,리튬 (Lithium Carbonate),화학,톤,218.7,4.3,0.0,43.7,21,105,2.08,43.7,14.0,100.0,LOW,9842245754,45000000,7
2025-03-16,RM-CHM-01,리튬 (Lithium Carbonate),화학,톤,212.8,5.9,0.0,42.6,21,105,2.03,42.6,14.0,100.0,LOW,9575980949,45000000,7
2025-03-17,RM-CHM-01,리튬 (Lithium Carbonate),화학,톤,207.7,5.1,0.0,41.5,21,105,1.98,41.5,14.0,100.0,LOW,9347988323,45000000,7
2025-03-18,RM-CHM-01,리튬 (Lithium Carbonate),화학,톤,203.3,4.5,0.0,40.7,21,105,1.94,40.7,14.0,100.0,LOW,9147734554,45000000,7
2025-03-19,RM-CHM-01,리튬 (Lithium Carbonate),화학,톤,198.4,4.9,0.0,39.7,21,105,1.89,39.7,14.0,100.0,LOW,8926054230,45000000,7
2025-03-20,RM-CHM-01,리튬 (Lithium Carbonate),화학,톤,236.5,5.6,43.8,47.3,21,105,2.25,47.3,14.0,100.0,LOW,10641010658,45000000,7
2025-03-21,RM-CHM-01,리튬 (Lithium Carbonate),화학,톤,231.5,4.9,0.0,46.3,21,105,2.21,46.3,14.0,100.0,LOW,10419473595,45000000,7
2025-03-22,RM-CHM-01,리튬 (Lithium Carbonate),화학,톤,226.0,5.5,0.0,45.2,21,105,2.15,45.2,14.0,100.0,LOW,10169843964,45000000,7
2025-03-23,RM-CHM-01,리튬 (Lithium Carbonate),화학,톤,221.6,4.4,0.0,44.3,21,105,2.11,44.3,14.0,100.0,LOW,9970293184,45000000,7
2025-03-24,RM-CHM-01,리튬 (Lithium Carbonate),화학,톤,216.7,4.8,0.0,43.3,21,105,2.06,43.3,14.0,100.0,LOW,9752921497,45000000,7
2025-03-25,RM-CHM-01,리튬 (Lithium Carbonate),화학,톤,211.5,5.3,0.0,42.3,21,105,2.01,42.3,14.0,100.0,LOW,9516217908,45000000,7
2025-03-26,RM-CHM-01,리튬 (Lithium Carbonate),화학,톤,206.6,4.9,0.0,41.3,21,105,1.97,41.3,14.0,100.0,LOW,9297609264,45000000,7
2025-03-27,RM-CHM-01,리튬 (Lithium Carbonate),화학,톤,201.1,5.5,0.0,40.2,21,105,1.92,40.2,14.0,100.0,LOW,9051348664,45000000,7
2025-03-28,RM-CHM-01,리튬 (Lithium Carbonate),화학,톤,197.0,4.2,0.0,39.4,21,105,1.88,39.4,14.0,100.0,LOW,8862859196,45000000,7
2025-03-29,RM-CHM-01,리튬 (Lithium Carbonate),화학,톤,191.5,5.4,0.0,38.3,21,105,1.82,38.3,14.0,100.0,LOW,8619243789,45000000,7
2025-03-30,RM-CHM-01,리튬 (Lithium Carbonate),화학,톤,185.7,5.8,0.0,37.1,21,105,1.77,37.1,14.0,100.0,LOW,8357965353,45000000,7
2025-03-31,RM-CHM-01,리튬 (Lithium Carbonate),화학,톤,215.4,5.3,35.0,43.1,21,105,2.05,43.1,14.0,100.0,LOW,9691862678,45000000,7
2025-04-01,RM-CHM-01,리튬 (Lithium Carbonate),화학,톤,210.8,4.6,0.0,42.2,21,105,2.01,42.2,14.0,100.0,LOW,9484499954,45000000,7
2025-04-02,RM-CHM-01,리튬 (Lithium Carbonate),화학,톤,205.0,5.8,0.0,41.0,21,105,1.95,41.0,14.0,100.0,LOW,9224245976,45000000,7
2025-04-03,RM-CHM-01,리튬 (Lithium Carbonate),화학,톤,216.5,4.0,15.6,43.3,21,105,2.06,43.3,14.0,100.0,LOW,9742808194,45000000,7
2025-04-04,RM-CHM-01,리튬 (Lithium Carbonate),화학,톤,212.5,4.0,0.0,42.5,21,105,2.02,42.5,14.0,100.0,LOW,9561264714,45000000,7
2025-04-05,RM-CHM-01,리튬 (Lithium Carbonate),화학,톤,223.0,4.6,15.2,44.6,21,105,2.12,44.6,14.0,100.0,LOW,10036878878,45000000,7
2025-04-06,RM-CHM-01,리튬 (Lithium Carbonate),화학,톤,217.2,5.9,0.0,43.4,21,105,2.07,43.4,14.0,100.0,LOW,9772421641,45000000,7
2025-04-07,RM-CHM-01,리튬 (Lithium Carbonate),화학,톤,253.0,4.8,40.7,50.6,21,105,2.41,50.6,14.0,100.0,LOW,11386748917,45000000,7
2025-04-08,RM-CHM-01,리튬 (Lithium Carbonate),화학,톤,282.6,5.4,34.9,56.5,21,105,2.69,56.5,14.0,100.0,LOW,12717835694,45000000,7
2025-04-09,RM-CHM-01,리튬 (Lithium Carbonate),화학,톤,276.9,5.7,0.0,55.4,21,105,2.64,55.4,14.0,100.0,LOW,12459678723,45000000,7
2025-04-10,RM-CHM-01,리튬 (Lithium Carbonate),화학,톤,271.6,5.2,0.0,54.3,21,105,2.59,54.3,14.0,100.0,LOW,12224011288,45000000,7
2025-04-11,RM-CHM-01,리튬 (Lithium Carbonate),화학,톤,266.8,4.9,0.0,53.4,21,105,2.54,53.4,14.0,100.0,LOW,12004135945,45000000,7
2025-04-12,RM-CHM-01,리튬 (Lithium Carbonate),화학,톤,261.8,4.9,0.0,52.4,21,105,2.49,52.4,14.0,100.0,LOW,11782630924,45000000,7
2025-04-13,RM-CHM-01,리튬 (Lithium Carbonate),화학,톤,255.9,5.9,0.0,51.2,21,105,2.44,51.2,14.0,100.0,LOW,11517202862,45000000,7
2025-04-14,RM-CHM-01,리튬 (Lithium Carbonate),화학,톤,287.3,5.7,37.1,57.5,21,105,2.74,57.5,14.0,100.0,LOW,12929313670,45000000,7
2025-04-15,RM-CHM-01,리튬 (Lithium Carbonate),화학,톤,283.2,4.1,0.0,56.6,21,105,2.7,56.6,14.0,100.0,LOW,12744418503,45000000,7
2025-04-16,RM-CHM-01,리튬 (Lithium Carbonate),화학,톤,279.1,4.1,0.0,55.8,21,105,2.66,55.8,14.0,100.0,LOW,12558136444,45000000,7
2025-04-17,RM-CHM-01,리튬 (Lithium Carbonate),화학,톤,273.4,5.6,0.0,54.7,21,105,2.6,54.7,14.0,100.0,LOW,12305213171,45000000,7
2025-04-18,RM-CHM-01,리튬 (Lithium Carbonate),화학,톤,269.4,4.1,0.0,53.9,21,105,2.57,53.9,14.0,100.0,LOW,12121402366,45000000,7
2025-04-19,RM-CHM-01,리튬 (Lithium Carbonate),화학,톤,279.3,5.9,15.9,55.9,21,105,2.66,55.9,14.0,100.0,LOW,12570337170,45000000,7
2025-04-20,RM-CHM-01,리튬 (Lithium Carbonate),화학,톤,275.0,4.3,0.0,55.0,21,105,2.62,55.0,14.0,100.0,LOW,12374908094,45000000,7
2025-04-21,RM-CHM-01,리튬 (Lithium Carbonate),화학,톤,269.6,5.4,0.0,53.9,21,105,2.57,53.9,14.0,100.0,LOW,12133195045,45000000,7
2025-04-22,RM-CHM-01,리튬 (Lithium Carbonate),화학,톤,263.7,5.9,0.0,52.7,21,105,2.51,52.7,14.0,100.0,LOW,11867376887,45000000,7
2025-04-23,RM-CHM-01,리튬 (Lithium Carbonate),화학,톤,258.1,5.7,0.0,51.6,21,105,2.46,51.6,14.0,100.0,LOW,11612335611,45000000,7
2025-04-24,RM-CHM-01,리튬 (Lithium Carbonate),화학,톤,292.2,5.5,39.6,58.4,21,105,2.78,58.4,14.0,100.0,LOW,13147343110,45000000,7
2025-04-25,RM-CHM-01,리튬 (Lithium Carbonate),화학,톤,288.0,4.1,0.0,57.6,21,105,2.74,57.6,14.0,100.0,LOW,12961355625,45000000,7
2025-04-26,RM-CHM-01,리튬 (Lithium Carbonate),화학,톤,282.8,5.2,0.0,56.6,21,105,2.69,56.6,14.0,100.0,LOW,12725887321,45000000,7
2025-04-27,RM-CHM-01,리튬 (Lithium Carbonate),화학,톤,277.6,5.2,0.0,55.5,21,105,2.64,55.5,14.0,100.0,LOW,12492177443,45000000,7
2025-04-28,RM-CHM-01,리튬 (Lithium Carbonate),화학,톤,272.2,5.4,0.0,54.4,21,105,2.59,54.4,14.0,100.0,LOW,12250666603,45000000,7
2025-04-29,RM-CHM-01,리튬 (Lithium Carbonate),화학,톤,289.0,5.8,22.6,57.8,21,105,2.75,57.8,14.0,100.0,LOW,13006611646,45000000,7
2025-04-30,RM-CHM-01,리튬 (Lithium Carbonate),화학,톤,283.7,5.4,0.0,56.7,21,105,2.7,56.7,14.0,100.0,LOW,12764402583,45000000,7
2025-05-01,RM-CHM-01,리튬 (Lithium Carbonate),화학,톤,277.8,5.9,0.0,55.6,21,105,2.65,55.6,14.0,100.0,LOW,12499732987,45000000,7
2025-05-02,RM-CHM-01,리튬 (Lithium Carbonate),화학,톤,273.1,4.7,0.0,54.6,21,105,2.6,54.6,14.0,100.0,LOW,12288457349,45000000,7
2025-05-03,RM-CHM-01,리튬 (Lithium Carbonate),화학,톤,267.7,5.3,0.0,53.5,21,105,2.55,53.5,14.0,100.0,LOW,12048219574,45000000,7
2025-05-04,RM-CHM-01,리튬 (Lithium Carbonate),화학,톤,262.6,5.1,0.0,52.5,21,105,2.5,52.5,14.0,100.0,LOW,11818550632,45000000,7
2025-05-05,RM-CHM-01,리튬 (Lithium Carbonate),화학,톤,258.3,4.3,0.0,51.7,21,105,2.46,51.7,14.0,100.0,LOW,11623420000,45000000,7
2025-05-06,RM-CHM-01,리튬 (Lithium Carbonate),화학,톤,286.0,5.9,33.5,57.2,21,105,2.72,57.2,14.0,100.0,LOW,12868168476,45000000,7
2025-05-07,RM-CHM-01,리튬 (Lithium Carbonate),화학,톤,295.3,6.0,15.3,59.1,21,105,2.81,59.1,14.0,100.0,LOW,13288203313,45000000,7
2025-05-08,RM-CHM-01,리튬 (Lithium Carbonate),화학,톤,291.0,4.3,0.0,58.2,21,105,2.77,58.2,14.0,100.0,LOW,13094201883,45000000,7
2025-05-09,RM-CHM-01,리튬 (Lithium Carbonate),화학,톤,314.3,4.4,27.8,62.9,21,105,2.99,62.9,14.0,100.0,LOW,14145241501,45000000,7
2025-05-10,RM-CHM-01,리튬 (Lithium Carbonate),화학,톤,309.6,4.7,0.0,61.9,21,105,2.95,61.9,14.0,100.0,LOW,13933408799,45000000,7
2025-05-11,RM-CHM-01,리튬 (Lithium Carbonate),화학,톤,305.3,4.3,0.0,61.1,21,105,2.91,61.1,14.0,100.0,LOW,13738098412,45000000,7
2025-05-12,RM-CHM-01,리튬 (Lithium Carbonate),화학,톤,301.1,4.2,0.0,60.2,21,105,2.87,60.2,14.0,100.0,LOW,13551215216,45000000,7
2025-05-13,RM-CHM-01,리튬 (Lithium Carbonate),화학,톤,296.9,4.2,0.0,59.4,21,105,2.83,59.4,14.0,100.0,LOW,13362342752,45000000,7
2025-05-14,RM-CHM-01,리튬 (Lithium Carbonate),화학,톤,334.0,5.2,42.3,66.8,21,105,3.18,66.8,14.0,100.0,LOW,15031168802,45000000,7
2025-05-15,RM-CHM-01,리튬 (Lithium Carbonate),화학,톤,350.5,4.6,21.1,70.1,21,105,3.34,70.1,14.0,100.0,LOW,15773276005,45000000,7
2025-05-16,RM-CHM-01,리튬 (Lithium Carbonate),화학,톤,344.8,5.8,0.0,69.0,21,105,3.28,69.0,14.0,100.0,LOW,15514489499,45000000,7
2025-05-17,RM-CHM-01,리튬 (Lithium Carbonate),화학,톤,340.0,4.8,0.0,68.0,21,105,3.24,68.0,14.0,100.0,LOW,15298875782,45000000,7
2025-02-17,RM-PLS-01,PE 수지 (Polyethylene),화학,톤,298.3,26.3,0.0,9.9,7,210,1.42,9.9,9.9,71.0,LOW,447466988,1500000,3
2025-02-18,RM-PLS-01,PE 수지 (Polyethylene),화학,톤,262.4,35.9,0.0,8.7,7,210,1.25,8.7,8.7,62.5,LOW,393615076,1500000,3
2025-02-19,RM-PLS-01,PE 수지 (Polyethylene),화학,톤,488.6,24.5,250.7,16.3,7,210,2.33,16.3,14.0,100.0,LOW,732831273,1500000,3
2025-02-20,RM-PLS-01,PE 수지 (Polyethylene),화학,톤,642.2,35.3,188.9,21.4,7,210,3.06,21.4,14.0,100.0,LOW,963226945,1500000,3
2025-02-21,RM-PLS-01,PE 수지 (Polyethylene),화학,톤,610.3,31.9,0.0,20.3,7,210,2.91,20.3,14.0,100.0,LOW,915417955,1500000,3
2025-02-22,RM-PLS-01,PE 수지 (Polyethylene),화학,톤,694.3,31.9,115.9,23.1,7,210,3.31,23.1,14.0,100.0,LOW,1041390729,1500000,3
2025-02-23,RM-PLS-01,PE 수지 (Polyethylene),화학,톤,661.9,32.4,0.0,22.1,7,210,3.15,22.1,14.0,100.0,LOW,992817178,1500000,3
2025-02-24,RM-PLS-01,PE 수지 (Polyethylene),화학,톤,627.0,34.8,0.0,20.9,7,210,2.99,20.9,14.0,100.0,LOW,940557814,1500000,3
2025-02-25,RM-PLS-01,PE 수지 (Polyethylene),화학,톤,596.9,30.1,0.0,19.9,7,210,2.84,19.9,14.0,100.0,LOW,895375143,1500000,3
2025-02-26,RM-PLS-01,PE 수지 (Polyethylene),화학,톤,562.5,34.4,0.0,18.7,7,210,2.68,18.7,14.0,100.0,LOW,843722233,1500000,3
2025-02-27,RM-PLS-01,PE 수지 (Polyethylene),화학,톤,527.3,35.2,0.0,17.6,7,210,2.51,17.6,14.0,100.0,LOW,790940424,1500000,3
2025-02-28,RM-PLS-01,PE 수지 (Polyethylene),화학,톤,501.7,25.6,0.0,16.7,7,210,2.39,16.7,14.0,100.0,LOW,752570659,1500000,3
2025-03-01,RM-PLS-01,PE 수지 (Polyethylene),화학,톤,467.5,34.3,0.0,15.6,7,210,2.23,15.6,14.0,100.0,LOW,701193965,1500000,3
2025-03-02,RM-PLS-01,PE 수지 (Polyethylene),화학,톤,432.6,34.8,0.0,14.4,7,210,2.06,14.4,14.0,100.0,LOW,648936531,1500000,3
2025-03-03,RM-PLS-01,PE 수지 (Polyethylene),화학,톤,401.9,30.7,0.0,13.4,7,210,1.91,13.4,13.4,95.7,LOW,602878744,1500000,3
2025-03-04,RM-PLS-01,PE 수지 (Polyethylene),화학,톤,374.9,27.0,0.0,12.5,7,210,1.79,12.5,12.5,89.3,LOW,562328372,1500000,3
2025-03-05,RM-PLS-01,PE 수지 (Polyethylene),화학,톤,346.8,28.0,0.0,11.6,7,210,1.65,11.6,11.6,82.6,LOW,520253726,1500000,3
2025-03-06,RM-PLS-01,PE 수지 (Polyethylene),화학,톤,318.8,28.1,0.0,10.6,7,210,1.52,10.6,10.6,75.9,LOW,478176039,1500000,3
2025-03-07,RM-PLS-01,PE 수지 (Polyethylene),화학,톤,291.8,27.0,0.0,9.7,7,210,1.39,9.7,9.7,69.5,LOW,437628410,1500000,3
2025-03-08,RM-PLS-01,PE 수지 (Polyethylene),화학,톤,260.7,31.1,0.0,8.7,7,210,1.24,8.7,8.7,62.1,LOW,391027615,1500000,3
2025-03-09,RM-PLS-01,PE 수지 (Polyethylene),화학,톤,368.2,31.2,138.7,12.3,7,210,1.75,12.3,12.3,87.7,LOW,552320107,1500000,3
2025-03-10,RM-PLS-01,PE 수지 (Polyethylene),화학,톤,341.0,27.2,0.0,11.4,7,210,1.62,11.4,11.4,81.2,LOW,511543445,1500000,3
2025-03-11,RM-PLS-01,PE 수지 (Polyethylene),화학,톤,313.5,27.5,0.0,10.5,7,210,1.49,10.5,10.5,74.6,LOW,470252361,1500000,3
2025-03-12,RM-PLS-01,PE 수지 (Polyethylene),화학,톤,278.2,35.3,0.0,9.3,7,210,1.32,9.3,9.3,66.2,LOW,417248378,1500000,3
2025-03-13,RM-PLS-01,PE 수지 (Polyethylene),화학,톤,244.7,33.4,0.0,8.2,7,210,1.17,8.2,8.2,58.3,LOW,367103750,1500000,3
2025-03-14,RM-PLS-01,PE 수지 (Polyethylene),화학,톤,211.5,33.3,0.0,7.0,7,210,1.01,7.0,7.0,50.3,LOW,317198457,1500000,3
2025-03-15,RM-PLS-01,PE 수지 (Polyethylene),화학,톤,178.3,33.1,0.0,5.9,7,210,0.85,5.9,5.9,42.5,MEDIUM,267510819,1500000,3
2025-03-16,RM-PLS-01,PE 수지 (Polyethylene),화학,톤,143.1,35.2,0.0,4.8,7,210,0.68,4.8,4.8,34.1,MEDIUM,214677722,1500000,3
2025-03-17,RM-PLS-01,PE 수지 (Polyethylene),화학,톤,113.4,29.7,0.0,3.8,7,210,0.54,3.8,3.8,27.0,MEDIUM,170115341,1500000,3
2025-03-18,RM-PLS-01,PE 수지 (Polyethylene),화학,톤,88.9,24.5,0.0,3.0,7,210,0.42,3.0,3.0,21.2,CRITICAL,133297196,1500000,3
2025-03-19,RM-PLS-01,PE 수지 (Polyethylene),화학,톤,56.8,32.0,0.0,1.9,7,210,0.27,1.9,1.9,13.5,CRITICAL,85236610,1500000,3
2025-03-20,RM-PLS-01,PE 수지 (Polyethylene),화학,톤,31.3,25.5,0.0,1.0,7,210,0.15,1.0,1.0,7.5,CRITICAL,47015396,1500000,3
2025-03-21,RM-PLS-01,PE 수지 (Polyethylene),화학,톤,0.0,34.2,0.0,0.0,7,210,0.0,0.0,0.0,0.0,CRITICAL,0,1500000,3
2025-03-22,RM-PLS-01,PE 수지 (Polyethylene),화학,톤,0.0,33.6,0.0,0.0,7,210,0.0,0.0,0.0,0.0,CRITICAL,0,1500000,3
2025-03-23,RM-PLS-01,PE 수지 (Polyethylene),화학,톤,0.0,28.0,0.0,0.0,7,210,0.0,0.0,0.0,0.0,CRITICAL,0,1500000,3
2025-03-24,RM-PLS-01,PE 수지 (Polyethylene),화학,톤,0.0,35.0,0.0,0.0,7,210,0.0,0.0,0.0,0.0,CRITICAL,0,1500000,3
2025-03-25,RM-PLS-01,PE 수지 (Polyethylene),화학,톤,0.0,32.3,0.0,0.0,7,210,0.0,0.0,0.0,0.0,CRITICAL,0,1500000,3
2025-03-26,RM-PLS-01,PE 수지 (Polyethylene),화학,톤,0.0,24.7,0.0,0.0,7,210,0.0,0.0,0.0,0.0,CRITICAL,0,1500000,3
2025-03-27,RM-PLS-01,PE 수지 (Polyethylene),화학,톤,0.0,26.5,0.0,0.0,7,210,0.0,0.0,0.0,0.0,CRITICAL,0,1500000,3
2025-03-28,RM-PLS-01,PE 수지 (Polyethylene),화학,톤,0.0,34.0,0.0,0.0,7,210,0.0,0.0,0.0,0.0,CRITICAL,0,1500000,3
2025-03-29,RM-PLS-01,PE 수지 (Polyethylene),화학,톤,0.0,27.8,0.0,0.0,7,210,0.0,0.0,0.0,0.0,CRITICAL,0,1500000,3
2025-03-30,RM-PLS-01,PE 수지 (Polyethylene),화학,톤,0.0,25.1,0.0,0.0,7,210,0.0,0.0,0.0,0.0,CRITICAL,0,1500000,3
2025-03-31,RM-PLS-01,PE 수지 (Polyethylene),화학,톤,0.0,27.5,0.0,0.0,7,210,0.0,0.0,0.0,0.0,CRITICAL,0,1500000,3
2025-04-01,RM-PLS-01,PE 수지 (Polyethylene),화학,톤,0.0,24.5,0.0,0.0,7,210,0.0,0.0,0.0,0.0,CRITICAL,0,1500000,3
2025-04-02,RM-PLS-01,PE 수지 (Polyethylene),화학,톤,188.3,31.8,220.1,6.3,7,210,0.9,6.3,6.3,44.8,MEDIUM,282418114,1500000,3
2025-04-03,RM-PLS-01,PE 수지 (Polyethylene),화학,톤,157.1,31.2,0.0,5.2,7,210,0.75,5.2,5.2,37.4,MEDIUM,235624818,1500000,3
2025-04-04,RM-PLS-01,PE 수지 (Polyethylene),화학,톤,122.1,35.0,0.0,4.1,7,210,0.58,4.1,4.1,29.1,MEDIUM,183192060,1500000,3
2025-04-05,RM-PLS-01,PE 수지 (Polyethylene),화학,톤,90.0,32.1,0.0,3.0,7,210,0.43,3.0,3.0,21.4,CRITICAL,134986011,1500000,3
2025-04-06,RM-PLS-01,PE 수지 (Polyethylene),화학,톤,60.8,29.2,0.0,2.0,7,210,0.29,2.0,2.0,14.5,CRITICAL,91144405,1500000,3
2025-04-07,RM-PLS-01,PE 수지 (Polyethylene),화학,톤,35.1,25.7,0.0,1.2,7,210,0.17,1.2,1.2,8.3,CRITICAL,52583810,1500000,3
2025-04-08,RM-PLS-01,PE 수지 (Polyethylene),화학,톤,10.0,25.1,0.0,0.3,7,210,0.05,0.3,0.3,2.4,CRITICAL,14981995,1500000,3
2025-04-09,RM-PLS-01,PE 수지 (Polyethylene),화학,톤,0.0,35.8,0.0,0.0,7,210,0.0,0.0,0.0,0.0,CRITICAL,0,1500000,3
2025-04-10,RM-PLS-01,PE 수지 (Polyethylene),화학,톤,212.7,26.4,239.1,7.1,7,210,1.01,7.1,7.1,50.7,LOW,319118942,1500000,3
2025-04-11,RM-PLS-01,PE 수지 (Polyethylene),화학,톤,185.5,27.3,0.0,6.2,7,210,0.88,6.2,6.2,44.2,MEDIUM,278205843,1500000,3
2025-04-12,RM-PLS-01,PE 수지 (Polyethylene),화학,톤,253.1,35.0,102.6,8.4,7,210,1.21,8.4,8.4,60.3,LOW,379698024,1500000,3
2025-04-13,RM-PLS-01,PE 수지 (Polyethylene),화학,톤,218.3,34.9,0.0,7.3,7,210,1.04,7.3,7.3,52.0,LOW,327412229,1500000,3
2025-04-14,RM-PLS-01,PE 수지 (Polyethylene),화학,톤,192.1,26.1,0.0,6.4,7,210,0.91,6.4,6.4,45.7,MEDIUM,288222764,1500000,3
2025-04-15,RM-PLS-01,PE 수지 (Polyethylene),화학,톤,156.9,35.3,0.0,5.2,7,210,0.75,5.2,5.2,37.3,MEDIUM,235275172,1500000,3
2025-04-16,RM-PLS-01,PE 수지 (Polyethylene),화학,톤,122.5,34.4,0.0,4.1,7,210,0.58,4.1,4.1,29.2,MEDIUM,183705845,1500000,3
2025-04-17,RM-PLS-01,PE 수지 (Polyethylene),화학,톤,88.2,34.3,0.0,2.9,7,210,0.42,2.9,2.9,21.0,CRITICAL,132295460,1500000,3
2025-04-18,RM-PLS-01,PE 수지 (Polyethylene),화학,톤,60.7,27.5,0.0,2.0,7,210,0.29,2.0,2.0,14.4,CRITICAL,90984158,1500000,3
2025-04-19,RM-PLS-01,PE 수지 (Polyethylene),화학,톤,31.4,29.3,0.0,1.0,7,210,0.15,1.0,1.0,7.5,CRITICAL,47063113,1500000,3
2025-04-20,RM-PLS-01,PE 수지 (Polyethylene),화학,톤,0.1,31.2,0.0,0.0,7,210,0.0,0.0,0.0,0.0,CRITICAL,194767,1500000,3
2025-04-21,RM-PLS-01,PE 수지 (Polyethylene),화학,톤,0.0,26.1,0.0,0.0,7,210,0.0,0.0,0.0,0.0,CRITICAL,0,1500000,3
2025-04-22,RM-PLS-01,PE 수지 (Polyethylene),화학,톤,0.0,32.2,0.0,0.0,7,210,0.0,0.0,0.0,0.0,CRITICAL,0,1500000,3
2025-04-23,RM-PLS-01,PE 수지 (Polyethylene),화학,톤,0.0,32.8,0.0,0.0,7,210,0.0,0.0,0.0,0.0,CRITICAL,0,1500000,3
2025-04-24,RM-PLS-01,PE 수지 (Polyethylene),화학,톤,0.0,28.7,0.0,0.0,7,210,0.0,0.0,0.0,0.0,CRITICAL,0,1500000,3
2025-04-25,RM-PLS-01,PE 수지 (Polyethylene),화학,톤,85.6,26.6,112.2,2.9,7,210,0.41,2.9,2.9,20.4,CRITICAL,128421413,1500000,3
2025-04-26,RM-PLS-01,PE 수지 (Polyethylene),화학,톤,51.1,34.5,0.0,1.7,7,210,0.24,1.7,1.7,12.2,CRITICAL,76707063,1500000,3
2025-04-27,RM-PLS-01,PE 수지 (Polyethylene),화학,톤,22.2,28.9,0.0,0.7,7,210,0.11,0.7,0.7,5.3,CRITICAL,33311636,1500000,3
2025-04-28,RM-PLS-01,PE 수지 (Polyethylene),화학,톤,0.0,25.0,0.0,0.0,7,210,0.0,0.0,0.0,0.0,CRITICAL,0,1500000,3
2025-04-29,RM-PLS-01,PE 수지 (Polyethylene),화학,톤,84.2,25.2,109.4,2.8,7,210,0.4,2.8,2.8,20.0,CRITICAL,126255637,1500000,3
2025-04-30,RM-PLS-01,PE 수지 (Polyethylene),화학,톤,53.1,31.0,0.0,1.8,7,210,0.25,1.8,1.8,12.7,CRITICAL,79724225,1500000,3
2025-05-01,RM-PLS-01,PE 수지 (Polyethylene),화학,톤,19.7,33.4,0.0,0.7,7,210,0.09,0.7,0.7,4.7,CRITICAL,29621224,1500000,3
2025-05-02,RM-PLS-01,PE 수지 (Polyethylene),화학,톤,0.0,34.4,0.0,0.0,7,210,0.0,0.0,0.0,0.0,CRITICAL,0,1500000,3
2025-05-03,RM-PLS-01,PE 수지 (Polyethylene),화학,톤,0.0,33.5,0.0,0.0,7,210,0.0,0.0,0.0,0.0,CRITICAL,0,1500000,3
2025-05-04,RM-PLS-01,PE 수지 (Polyethylene),화학,톤,0.0,27.0,0.0,0.0,7,210,0.0,0.0,0.0,0.0,CRITICAL,0,1500000,3
2025-05-05,RM-PLS-01,PE 수지 (Polyethylene),화학,톤,0.0,24.4,0.0,0.0,7,210,0.0,0.0,0.0,0.0,CRITICAL,0,1500000,3
2025-05-06,RM-PLS-01,PE 수지 (Polyethylene),화학,톤,174.2,25.7,200.0,5.8,7,210,0.83,5.8,5.8,41.5,MEDIUM,261332177,1500000,3
2025-05-07,RM-PLS-01,PE 수지 (Polyethylene),화학,톤,147.6,26.6,0.0,4.9,7,210,0.7,4.9,4.9,35.1,MEDIUM,221403500,1500000,3
2025-05-08,RM-PLS-01,PE 수지 (Polyethylene),화학,톤,121.9,25.7,0.0,4.1,7,210,0.58,4.1,4.1,29.0,MEDIUM,182921565,1500000,3
2025-05-09,RM-PLS-01,PE 수지 (Polyethylene),화학,톤,345.7,32.9,256.7,11.5,7,210,1.65,11.5,11.5,82.3,LOW,518596090,1500000,3
2025-05-10,RM-PLS-01,PE 수지 (Polyethylene),화학,톤,442.6,25.9,122.8,14.8,7,210,2.11,14.8,14.0,100.0,LOW,663897901,1500000,3
2025-05-11,RM-PLS-01,PE 수지 (Polyethylene),화학,톤,408.6,34.0,0.0,13.6,7,210,1.95,13.6,13.6,97.3,LOW,612875264,1500000,3
2025-05-12,RM-PLS-01,PE 수지 (Polyethylene),화학,톤,588.9,30.8,211.1,19.6,7,210,2.8,19.6,14.0,100.0,LOW,883281694,1500000,3
2025-05-13,RM-PLS-01,PE 수지 (Polyethylene),화학,톤,555.7,33.1,0.0,18.5,7,210,2.65,18.5,14.0,100.0,LOW,833567789,1500000,3
2025-05-14,RM-PLS-01,PE 수지 (Polyethylene),화학,톤,635.3,26.5,106.1,21.2,7,210,3.03,21.2,14.0,100.0,LOW,953010349,1500000,3
2025-05-15,RM-PLS-01,PE 수지 (Polyethylene),화학,톤,606.3,29.0,0.0,20.2,7,210,2.89,20.2,14.0,100.0,LOW,909436647,1500000,3
2025-05-16,RM-PLS-01,PE 수지 (Polyethylene),화학,톤,578.5,27.7,0.0,19.3,7,210,2.75,19.3,14.0,100.0,LOW,867824209,1500000,3
2025-05-17,RM-PLS-01,PE 수지 (Polyethylene),화학,톤,547.1,31.4,0.0,18.2,7,210,2.61,18.2,14.0,100.0,LOW,820677906,1500000,3
2025-02-17,RM-RBR-01,합성고무 (Synthetic Rubber),화학,톤,326.8,13.3,0.0,21.8,10,150,2.18,21.8,14.0,100.0,LOW,914900360,2800000,5
2025-02-18,RM-RBR-01,합성고무 (Synthetic Rubber),화학,톤,423.2,16.6,113.1,28.2,10,150,2.82,28.2,14.0,100.0,LOW,1184885702,2800000,5
2025-02-19,RM-RBR-01,합성고무 (Synthetic Rubber),화학,톤,409.8,13.4,0.0,27.3,10,150,2.73,27.3,14.0,100.0,LOW,1147396836,2800000,5
2025-02-20,RM-RBR-01,합성고무 (Synthetic Rubber),화학,톤,397.5,12.3,0.0,26.5,10,150,2.65,26.5,14.0,100.0,LOW,1113010834,2800000,5
2025-02-21,RM-RBR-01,합성고무 (Synthetic Rubber),화학,톤,380.1,17.4,0.0,25.3,10,150,2.53,25.3,14.0,100.0,LOW,1064303260,2800000,5
2025-02-22,RM-RBR-01,합성고무 (Synthetic Rubber),화학,톤,363.6,16.5,0.0,24.2,10,150,2.42,24.2,14.0,100.0,LOW,1018102783,2800000,5
2025-02-23,RM-RBR-01,합성고무 (Synthetic Rubber),화학,톤,453.4,13.7,103.4,30.2,10,150,3.02,30.2,14.0,100.0,LOW,1269391145,2800000,5
2025-02-24,RM-RBR-01,합성고무 (Synthetic Rubber),화학,톤,441.2,12.2,0.0,29.4,10,150,2.94,29.4,14.0,100.0,LOW,1235301338,2800000,5
2025-02-25,RM-RBR-01,합성고무 (Synthetic Rubber),화학,톤,427.9,13.3,0.0,28.5,10,150,2.85,28.5,14.0,100.0,LOW,1198003848,2800000,5
2025-02-26,RM-RBR-01,합성고무 (Synthetic Rubber),화학,톤,415.3,12.6,0.0,27.7,10,150,2.77,27.7,14.0,100.0,LOW,1162795600,2800000,5
2025-02-27,RM-RBR-01,합성고무 (Synthetic Rubber),화학,톤,401.7,13.6,0.0,26.8,10,150,2.68,26.8,14.0,100.0,LOW,1124788238,2800000,5
2025-02-28,RM-RBR-01,합성고무 (Synthetic Rubber),화학,톤,389.4,12.3,0.0,26.0,10,150,2.6,26.0,14.0,100.0,LOW,1090344636,2800000,5
2025-03-01,RM-RBR-01,합성고무 (Synthetic Rubber),화학,톤,453.6,13.9,78.1,30.2,10,150,3.02,30.2,14.0,100.0,LOW,1269984772,2800000,5
2025-03-02,RM-RBR-01,합성고무 (Synthetic Rubber),화학,톤,441.3,12.3,0.0,29.4,10,150,2.94,29.4,14.0,100.0,LOW,1235661492,2800000,5
2025-03-03,RM-RBR-01,합성고무 (Synthetic Rubber),화학,톤,426.6,14.7,0.0,28.4,10,150,2.84,28.4,14.0,100.0,LOW,1194603907,2800000,5
2025-03-04,RM-RBR-01,합성고무 (Synthetic Rubber),화학,톤,414.6,12.0,0.0,27.6,10,150,2.76,27.6,14.0,100.0,LOW,1160868514,2800000,5
2025-03-05,RM-RBR-01,합성고무 (Synthetic Rubber),화학,톤,402.0,12.6,0.0,26.8,10,150,2.68,26.8,14.0,100.0,LOW,1125460596,2800000,5
2025-03-06,RM-RBR-01,합성고무 (Synthetic Rubber),화학,톤,387.3,14.6,0.0,25.8,10,150,2.58,25.8,14.0,100.0,LOW,1084573251,2800000,5
2025-03-07,RM-RBR-01,합성고무 (Synthetic Rubber),화학,톤,373.7,13.6,0.0,24.9,10,150,2.49,24.9,14.0,100.0,LOW,1046363589,2800000,5
2025-03-08,RM-RBR-01,합성고무 (Synthetic Rubber),화학,톤,356.4,17.3,0.0,23.8,10,150,2.38,23.8,14.0,100.0,LOW,997906423,2800000,5
2025-03-09,RM-RBR-01,합성고무 (Synthetic Rubber),화학,톤,340.1,16.3,0.0,22.7,10,150,2.27,22.7,14.0,100.0,LOW,952330610,2800000,5
2025-03-10,RM-RBR-01,합성고무 (Synthetic Rubber),화학,톤,326.7,13.4,0.0,21.8,10,150,2.18,21.8,14.0,100.0,LOW,914801142,2800000,5
2025-03-11,RM-RBR-01,합성고무 (Synthetic Rubber),화학,톤,309.8,16.9,0.0,20.7,10,150,2.07,20.7,14.0,100.0,LOW,867417971,2800000,5
2025-03-12,RM-RBR-01,합성고무 (Synthetic Rubber),화학,톤,295.5,14.3,0.0,19.7,10,150,1.97,19.7,14.0,100.0,LOW,827396133,2800000,5
2025-03-13,RM-RBR-01,합성고무 (Synthetic Rubber),화학,톤,278.8,16.7,0.0,18.6,10,150,1.86,18.6,14.0,100.0,LOW,780688953,2800000,5
2025-03-14,RM-RBR-01,합성고무 (Synthetic Rubber),화학,톤,264.1,14.8,0.0,17.6,10,150,1.76,17.6,14.0,100.0,LOW,739366820,2800000,5
2025-03-15,RM-RBR-01,합성고무 (Synthetic Rubber),화학,톤,340.0,13.2,89.1,22.7,10,150,2.27,22.7,14.0,100.0,LOW,951874332,2800000,5
2025-03-16,RM-RBR-01,합성고무 (Synthetic Rubber),화학,톤,325.0,15.0,0.0,21.7,10,150,2.17,21.7,14.0,100.0,LOW,909926487,2800000,5
2025-03-17,RM-RBR-01,합성고무 (Synthetic Rubber),화학,톤,312.2,12.8,0.0,20.8,10,150,2.08,20.8,14.0,100.0,LOW,874134066,2800000,5
2025-03-18,RM-RBR-01,합성고무 (Synthetic Rubber),화학,톤,295.4,16.8,0.0,19.7,10,150,1.97,19.7,14.0,100.0,LOW,827140920,2800000,5
2025-03-19,RM-RBR-01,합성고무 (Synthetic Rubber),화학,톤,281.4,14.0,0.0,18.8,10,150,1.88,18.8,14.0,100.0,LOW,787819767,2800000,5
2025-03-20,RM-RBR-01,합성고무 (Synthetic Rubber),화학,톤,268.4,13.0,0.0,17.9,10,150,1.79,17.9,14.0,100.0,LOW,751538069,2800000,5
2025-03-21,RM-RBR-01,합성고무 (Synthetic Rubber),화학,톤,255.0,13.4,0.0,17.0,10,150,1.7,17.0,14.0,100.0,LOW,713990165,2800000,5
2025-03-22,RM-RBR-01,합성고무 (Synthetic Rubber),화학,톤,241.2,13.8,0.0,16.1,10,150,1.61,16.1,14.0,100.0,LOW,675272845,2800000,5
2025-03-23,RM-RBR-01,합성고무 (Synthetic Rubber),화학,톤,294.9,13.7,67.4,19.7,10,150,1.97,19.7,14.0,100.0,LOW,825834418,2800000,5
2025-03-24,RM-RBR-01,합성고무 (Synthetic Rubber),화학,톤,402.2,14.5,121.8,26.8,10,150,2.68,26.8,14.0,100.0,LOW,1126138609,2800000,5
2025-03-25,RM-RBR-01,합성고무 (Synthetic Rubber),화학,톤,384.5,17.7,0.0,25.6,10,150,2.56,25.6,14.0,100.0,LOW,1076633108,2800000,5
2025-03-26,RM-RBR-01,합성고무 (Synthetic Rubber),화학,톤,371.0,13.5,0.0,24.7,10,150,2.47,24.7,14.0,100.0,LOW,1038868835,2800000,5
2025-03-27,RM-RBR-01,합성고무 (Synthetic Rubber),화학,톤,456.8,15.4,101.2,30.5,10,150,3.05,30.5,14.0,100.0,LOW,1279154598,2800000,5
2025-03-28,RM-RBR-01,합성고무 (Synthetic Rubber),화학,톤,441.4,15.4,0.0,29.4,10,150,2.94,29.4,14.0,100.0,LOW,1236044594,2800000,5
2025-03-29,RM-RBR-01,합성고무 (Synthetic Rubber),화학,톤,514.5,15.1,88.1,34.3,10,150,3.43,34.3,14.0,100.0,LOW,1440508882,2800000,5
2025-03-30,RM-RBR-01,합성고무 (Synthetic Rubber),화학,톤,573.7,13.0,72.2,38.2,10,150,3.82,38.2,14.0,100.0,LOW,1606425016,2800000,5
2025-03-31,RM-RBR-01,합성고무 (Synthetic Rubber),화학,톤,611.5,12.5,50.3,40.8,10,150,4.08,40.8,14.0,100.0,LOW,1712217883,2800000,5
2025-04-01,RM-RBR-01,합성고무 (Synthetic Rubber),화학,톤,595.7,15.8,0.0,39.7,10,150,3.97,39.7,14.0,100.0,LOW,1668093405,2800000,5
2025-04-02,RM-RBR-01,합성고무 (Synthetic Rubber),화학,톤,581.8,14.0,0.0,38.8,10,150,3.88,38.8,14.0,100.0,LOW,1628915834,2800000,5
2025-04-03,RM-RBR-01,합성고무 (Synthetic Rubber),화학,톤,565.2,16.6,0.0,37.7,10,150,3.77,37.7,14.0,100.0,LOW,1582563173,2800000,5
2025-04-04,RM-RBR-01,합성고무 (Synthetic Rubber),화학,톤,549.0,16.2,0.0,36.6,10,150,3.66,36.6,14.0,100.0,LOW,1537307240,2800000,5
2025-04-05,RM-RBR-01,합성고무 (Synthetic Rubber),화학,톤,535.8,13.3,0.0,35.7,10,150,3.57,35.7,14.0,100.0,LOW,1500202955,2800000,5
2025-04-06,RM-RBR-01,합성고무 (Synthetic Rubber),화학,톤,520.5,15.3,0.0,34.7,10,150,3.47,34.7,14.0,100.0,LOW,1457406386,2800000,5
2025-04-07,RM-RBR-01,합성고무 (Synthetic Rubber),화학,톤,637.9,14.4,131.9,42.5,10,150,4.25,42.5,14.0,100.0,LOW,1786199588,2800000,5
2025-04-08,RM-RBR-01,합성고무 (Synthetic Rubber),화학,톤,622.4,15.5,0.0,41.5,10,150,4.15,41.5,14.0,100.0,LOW,1742774299,2800000,5
2025-04-09,RM-RBR-01,합성고무 (Synthetic Rubber),화학,톤,608.9,13.5,0.0,40.6,10,150,4.06,40.6,14.0,100.0,LOW,1705032765,2800000,5
2025-04-10,RM-RBR-01,합성고무 (Synthetic Rubber),화학,톤,594.9,14.0,0.0,39.7,10,150,3.97,39.7,14.0,100.0,LOW,1665765941,2800000,5
2025-04-11,RM-RBR-01,합성고무 (Synthetic Rubber),화학,톤,582.2,12.7,0.0,38.8,10,150,3.88,38.8,14.0,100.0,LOW,1630298837,2800000,5
2025-04-12,RM-RBR-01,합성고무 (Synthetic Rubber),화학,톤,621.6,16.7,56.1,41.4,10,150,4.14,41.4,14.0,100.0,LOW,1740462007,2800000,5
2025-04-13,RM-RBR-01,합성고무 (Synthetic Rubber),화학,톤,609.3,12.3,0.0,40.6,10,150,4.06,40.6,14.0,100.0,LOW,1706101057,2800000,5
2025-04-14,RM-RBR-01,합성고무 (Synthetic Rubber),화학,톤,645.0,12.5,48.2,43.0,10,150,4.3,43.0,14.0,100.0,LOW,1805949330,2800000,5
2025-04-15,RM-RBR-01,합성고무 (Synthetic Rubber),화학,톤,630.3,14.7,0.0,42.0,10,150,4.2,42.0,14.0,100.0,LOW,1764881256,2800000,5
2025-04-16,RM-RBR-01,합성고무 (Synthetic Rubber),화학,톤,617.3,13.0,0.0,41.2,10,150,4.12,41.2,14.0,100.0,LOW,1728441018,2800000,5
2025-04-17,RM-RBR-01,합성고무 (Synthetic Rubber),화학,톤,602.3,15.0,0.0,40.2,10,150,4.02,40.2,14.0,100.0,LOW,1686322033,2800000,5
2025-04-18,RM-RBR-01,합성고무 (Synthetic Rubber),화학,톤,585.6,16.6,0.0,39.0,10,150,3.9,39.0,14.0,100.0,LOW,1639819542,2800000,5
2025-04-19,RM-RBR-01,합성고무 (Synthetic Rubber),화학,톤,569.9,15.7,0.0,38.0,10,150,3.8,38.0,14.0,100.0,LOW,1595824171,2800000,5
2025-04-20,RM-RBR-01,합성고무 (Synthetic Rubber),화학,톤,628.4,15.9,74.3,41.9,10,150,4.19,41.9,14.0,100.0,LOW,1759398297,2800000,5
2025-04-21,RM-RBR-01,합성고무 (Synthetic Rubber),화학,톤,715.6,12.8,100.0,47.7,10,150,4.77,47.7,14.0,100.0,LOW,2003566727,2800000,5
2025-04-22,RM-RBR-01,합성고무 (Synthetic Rubber),화학,톤,702.0,13.5,0.0,46.8,10,150,4.68,46.8,14.0,100.0,LOW,1965706514,2800000,5
2025-04-23,RM-RBR-01,합성고무 (Synthetic Rubber),화학,톤,688.9,13.2,0.0,45.9,10,150,4.59,45.9,14.0,100.0,LOW,1928830363,2800000,5
2025-04-24,RM-RBR-01,합성고무 (Synthetic Rubber),화학,톤,672.1,16.7,0.0,44.8,10,150,4.48,44.8,14.0,100.0,LOW,1881933775,2800000,5
2025-04-25,RM-RBR-01,합성고무 (Synthetic Rubber),화학,톤,806.0,12.4,146.2,53.7,10,150,5.37,53.7,14.0,100.0,LOW,2256672865,2800000,5
2025-04-26,RM-RBR-01,합성고무 (Synthetic Rubber),화학,톤,937.3,12.8,144.1,62.5,10,150,6.25,62.5,14.0,100.0,LOW,2624318434,2800000,5
2025-04-27,RM-RBR-01,합성고무 (Synthetic Rubber),화학,톤,1005.4,16.6,84.7,67.0,10,150,6.7,67.0,14.0,100.0,LOW,2815014132,2800000,5
2025-04-28,RM-RBR-01,합성고무 (Synthetic Rubber),화학,톤,1136.5,12.9,144.0,75.8,10,150,7.58,75.8,14.0,100.0,LOW,3182265288,2800000,5
2025-04-29,RM-RBR-01,합성고무 (Synthetic Rubber),화학,톤,1122.6,13.9,0.0,74.8,10,150,7.48,74.8,14.0,100.0,LOW,3143225119,2800000,5
2025-04-30,RM-RBR-01,합성고무 (Synthetic Rubber),화학,톤,1109.1,13.5,0.0,73.9,10,150,7.39,73.9,14.0,100.0,LOW,3105406973,2800000,5
2025-05-01,RM-RBR-01,합성고무 (Synthetic Rubber),화학,톤,1096.3,12.7,0.0,73.1,10,150,7.31,73.1,14.0,100.0,LOW,3069757249,2800000,5
2025-05-02,RM-RBR-01,합성고무 (Synthetic Rubber),화학,톤,1166.6,18.0,88.2,77.8,10,150,7.78,77.8,14.0,100.0,LOW,3266353298,2800000,5
2025-05-03,RM-RBR-01,합성고무 (Synthetic Rubber),화학,톤,1283.5,12.8,129.7,85.6,10,150,8.56,85.6,14.0,100.0,LOW,3593816730,2800000,5
2025-05-04,RM-RBR-01,합성고무 (Synthetic Rubber),화학,톤,1266.5,17.1,0.0,84.4,10,150,8.44,84.4,14.0,100.0,LOW,3546070866,2800000,5
2025-05-05,RM-RBR-01,합성고무 (Synthetic Rubber),화학,톤,1250.4,16.0,0.0,83.4,10,150,8.34,83.4,14.0,100.0,LOW,3501167035,2800000,5
2025-05-06,RM-RBR-01,합성고무 (Synthetic Rubber),화학,톤,1234.6,15.8,0.0,82.3,10,150,8.23,82.3,14.0,100.0,LOW,3456925717,2800000,5
2025-05-07,RM-RBR-01,합성고무 (Synthetic Rubber),화학,톤,1217.8,16.8,0.0,81.2,10,150,8.12,81.2,14.0,100.0,LOW,3409785272,2800000,5
2025-05-08,RM-RBR-01,합성고무 (Synthetic Rubber),화학,톤,1205.6,12.1,0.0,80.4,10,150,8.04,80.4,14.0,100.0,LOW,3375770578,2800000,5
2025-05-09,RM-RBR-01,합성고무 (Synthetic Rubber),화학,톤,1324.2,17.0,135.6,88.3,10,150,8.83,88.3,14.0,100.0,LOW,3707786256,2800000,5
2025-05-10,RM-RBR-01,합성고무 (Synthetic Rubber),화학,톤,1311.3,12.9,0.0,87.4,10,150,8.74,87.4,14.0,100.0,LOW,3671654706,2800000,5
2025-05-11,RM-RBR-01,합성고무 (Synthetic Rubber),화학,톤,1294.9,16.4,0.0,86.3,10,150,8.63,86.3,14.0,100.0,LOW,3625843813,2800000,5
2025-05-12,RM-RBR-01,합성고무 (Synthetic Rubber),화학,톤,1279.3,15.6,0.0,85.3,10,150,8.53,85.3,14.0,100.0,LOW,3582071728,2800000,5
2025-05-13,RM-RBR-01,합성고무 (Synthetic Rubber),화학,톤,1263.6,15.7,0.0,84.2,10,150,8.42,84.2,14.0,100.0,LOW,3538148367,2800000,5
2025-05-14,RM-RBR-01,합성고무 (Synthetic Rubber),화학,톤,1326.3,16.5,79.2,88.4,10,150,8.84,88.4,14.0,100.0,LOW,3713634049,2800000,5
2025-05-15,RM-RBR-01,합성고무 (Synthetic Rubber),화학,톤,1313.5,12.8,0.0,87.6,10,150,8.76,87.6,14.0,100.0,LOW,3677887435,2800000,5
2025-05-16,RM-RBR-01,합성고무 (Synthetic Rubber),화학,톤,1297.4,16.1,0.0,86.5,10,150,8.65,86.5,14.0,100.0,LOW,3632785715,2800000,5
2025-05-17,RM-RBR-01,합성고무 (Synthetic Rubber),화학,톤,1426.7,12.8,142.0,95.1,10,150,9.51,95.1,14.0,100.0,LOW,3994776664,2800000,5
2025-02-17,CP-BMS-01,BMS 모듈 (Battery Management),전자부품,개,2167.5,199.9,0.0,10.8,7,1400,1.55,10.8,10.8,77.4,LOW,184236561,85000,3
2025-02-18,CP-BMS-01,BMS 모듈 (Battery Management),전자부품,개,1955.9,211.6,0.0,9.8,7,1400,1.4,9.8,9.8,69.9,LOW,166251221,85000,3
2025-02-19,CP-BMS-01,BMS 모듈 (Battery Management),전자부품,개,3100.7,231.3,1376.1,15.5,7,1400,2.21,15.5,14.0,100.0,LOW,263559506,85000,3
2025-02-20,CP-BMS-01,BMS 모듈 (Battery Management),전자부품,개,4781.0,171.9,1852.2,23.9,7,1400,3.42,23.9,14.0,100.0,LOW,406385749,85000,3
2025-02-21,CP-BMS-01,BMS 모듈 (Battery Management),전자부품,개,4555.1,225.9,0.0,22.8,7,1400,3.25,22.8,14.0,100.0,LOW,387185226,85000,3
2025-02-22,CP-BMS-01,BMS 모듈 (Battery Management),전자부품,개,4330.1,225.0,0.0,21.7,7,1400,3.09,21.7,14.0,100.0,LOW,368061870,85000,3
2025-02-23,CP-BMS-01,BMS 모듈 (Battery Management),전자부품,개,4091.0,239.1,0.0,20.5,7,1400,2.92,20.5,14.0,100.0,LOW,347737789,85000,3
2025-02-24,CP-BMS-01,BMS 모듈 (Battery Management),전자부품,개,5654.2,198.4,1761.6,28.3,7,1400,4.04,28.3,14.0,100.0,LOW,480610488,85000,3
2025-02-25,CP-BMS-01,BMS 모듈 (Battery Management),전자부품,개,5416.1,238.1,0.0,27.1,7,1400,3.87,27.1,14.0,100.0,LOW,460368286,85000,3
2025-02-26,CP-BMS-01,BMS 모듈 (Battery Management),전자부품,개,5250.8,165.3,0.0,26.3,7,1400,3.75,26.3,14.0,100.0,LOW,446320766,85000,3
2025-02-27,CP-BMS-01,BMS 모듈 (Battery Management),전자부품,개,5065.2,185.6,0.0,25.3,7,1400,3.62,25.3,14.0,100.0,LOW,430544580,85000,3
2025-02-28,CP-BMS-01,BMS 모듈 (Battery Management),전자부품,개,4866.1,199.1,0.0,24.3,7,1400,3.48,24.3,14.0,100.0,LOW,413619137,85000,3
2025-03-01,CP-BMS-01,BMS 모듈 (Battery Management),전자부품,개,4650.5,215.6,0.0,23.3,7,1400,3.32,23.3,14.0,100.0,LOW,395295491,85000,3
2025-03-02,CP-BMS-01,BMS 모듈 (Battery Management),전자부품,개,5396.6,213.3,959.4,27.0,7,1400,3.85,27.0,14.0,100.0,LOW,458714971,85000,3
2025-03-03,CP-BMS-01,BMS 모듈 (Battery Management),전자부품,개,5172.3,224.3,0.0,25.9,7,1400,3.69,25.9,14.0,100.0,LOW,439647121,85000,3
2025-03-04,CP-BMS-01,BMS 모듈 (Battery Management),전자부품,개,5004.9,167.4,0.0,25.0,7,1400,3.57,25.0,14.0,100.0,LOW,425418118,85000,3
2025-03-05,CP-BMS-01,BMS 모듈 (Battery Management),전자부품,개,4783.5,221.4,0.0,23.9,7,1400,3.42,23.9,14.0,100.0,LOW,406599126,85000,3
2025-03-06,CP-BMS-01,BMS 모듈 (Battery Management),전자부품,개,5931.3,223.7,1371.5,29.7,7,1400,4.24,29.7,14.0,100.0,LOW,504157931,85000,3
2025-03-07,CP-BMS-01,BMS 모듈 (Battery Management),전자부품,개,5729.4,201.9,0.0,28.6,7,1400,4.09,28.6,14.0,100.0,LOW,486997699,85000,3
2025-03-08,CP-BMS-01,BMS 모듈 (Battery Management),전자부품,개,5547.2,182.2,0.0,27.7,7,1400,3.96,27.7,14.0,100.0,LOW,471508352,85000,3
2025-03-09,CP-BMS-01,BMS 모듈 (Battery Management),전자부품,개,5320.6,226.6,0.0,26.6,7,1400,3.8,26.6,14.0,100.0,LOW,452247915,85000,3
2025-03-10,CP-BMS-01,BMS 모듈 (Battery Management),전자부품,개,7060.8,165.3,1905.6,35.3,7,1400,5.04,35.3,14.0,100.0,LOW,600167203,85000,3
2025-03-11,CP-BMS-01,BMS 모듈 (Battery Management),전자부품,개,6858.9,201.9,0.0,34.3,7,1400,4.9,34.3,14.0,100.0,LOW,583009354,85000,3
2025-03-12,CP-BMS-01,BMS 모듈 (Battery Management),전자부품,개,6651.0,207.9,0.0,33.3,7,1400,4.75,33.3,14.0,100.0,LOW,565338907,85000,3
2025-03-13,CP-BMS-01,BMS 모듈 (Battery Management),전자부품,개,6412.9,238.2,0.0,32.1,7,1400,4.58,32.1,14.0,100.0,LOW,545095092,85000,3
2025-03-14,CP-BMS-01,BMS 모듈 (Battery Management),전자부품,개,8176.6,231.5,1995.2,40.9,7,1400,5.84,40.9,14.0,100.0,LOW,695009685,85000,3
2025-03-15,CP-BMS-01,BMS 모듈 (Battery Management),전자부품,개,7960.5,216.0,0.0,39.8,7,1400,5.69,39.8,14.0,100.0,LOW,676646749,85000,3
2025-03-16,CP-BMS-01,BMS 모듈 (Battery Management),전자부품,개,7725.2,235.3,0.0,38.6,7,1400,5.52,38.6,14.0,100.0,LOW,656644026,85000,3
2025-03-17,CP-BMS-01,BMS 모듈 (Battery Management),전자부품,개,7491.3,233.9,0.0,37.5,7,1400,5.35,37.5,14.0,100.0,LOW,636760094,85000,3
2025-03-18,CP-BMS-01,BMS 모듈 (Battery Management),전자부품,개,7307.1,184.2,0.0,36.5,7,1400,5.22,36.5,14.0,100.0,LOW,621099575,85000,3
2025-03-19,CP-BMS-01,BMS 모듈 (Battery Management),전자부품,개,7072.6,234.5,0.0,35.4,7,1400,5.05,35.4,14.0,100.0,LOW,601171206,85000,3
2025-03-20,CP-BMS-01,BMS 모듈 (Battery Management),전자부품,개,6883.0,189.6,0.0,34.4,7,1400,4.92,34.4,14.0,100.0,LOW,585055039,85000,3
2025-03-21,CP-BMS-01,BMS 모듈 (Battery Management),전자부품,개,6697.6,185.4,0.0,33.5,7,1400,4.78,33.5,14.0,100.0,LOW,569292758,85000,3
2025-03-22,CP-BMS-01,BMS 모듈 (Battery Management),전자부품,개,6472.3,225.3,0.0,32.4,7,1400,4.62,32.4,14.0,100.0,LOW,550145526,85000,3
2025-03-23,CP-BMS-01,BMS 모듈 (Battery Management),전자부품,개,7047.9,173.3,748.9,35.2,7,1400,5.03,35.2,14.0,100.0,LOW,599070507,85000,3
2025-03-24,CP-BMS-01,BMS 모듈 (Battery Management),전자부품,개,6878.8,169.1,0.0,34.4,7,1400,4.91,34.4,14.0,100.0,LOW,584694355,85000,3
2025-03-25,CP-BMS-01,BMS 모듈 (Battery Management),전자부품,개,6682.6,196.2,0.0,33.4,7,1400,4.77,33.4,14.0,100.0,LOW,568020166,85000,3
2025-03-26,CP-BMS-01,BMS 모듈 (Battery Management),전자부품,개,6473.5,209.1,0.0,32.4,7,1400,4.62,32.4,14.0,100.0,LOW,550245106,85000,3
2025-03-27,CP-BMS-01,BMS 모듈 (Battery Management),전자부품,개,6281.7,191.8,0.0,31.4,7,1400,4.49,31.4,14.0,100.0,LOW,533945860,85000,3
2025-03-28,CP-BMS-01,BMS 모듈 (Battery Management),전자부품,개,6916.0,218.4,852.7,34.6,7,1400,4.94,34.6,14.0,100.0,LOW,587860180,85000,3
2025-03-29,CP-BMS-01,BMS 모듈 (Battery Management),전자부품,개,6735.0,181.0,0.0,33.7,7,1400,4.81,33.7,14.0,100.0,LOW,572475380,85000,3
2025-03-30,CP-BMS-01,BMS 모듈 (Battery Management),전자부품,개,6505.6,229.5,0.0,32.5,7,1400,4.65,32.5,14.0,100.0,LOW,552971829,85000,3
2025-03-31,CP-BMS-01,BMS 모듈 (Battery Management),전자부품,개,7869.0,214.0,1577.5,39.3,7,1400,5.62,39.3,14.0,100.0,LOW,668863217,85000,3
2025-04-01,CP-BMS-01,BMS 모듈 (Battery Management),전자부품,개,8429.8,177.2,738.0,42.1,7,1400,6.02,42.1,14.0,100.0,LOW,716534498,85000,3
2025-04-02,CP-BMS-01,BMS 모듈 (Battery Management),전자부품,개,8260.5,169.3,0.0,41.3,7,1400,5.9,41.3,14.0,100.0,LOW,702142449,85000,3
2025-04-03,CP-BMS-01,BMS 모듈 (Battery Management),전자부품,개,8058.1,202.4,0.0,40.3,7,1400,5.76,40.3,14.0,100.0,LOW,684938651,85000,3
2025-04-04,CP-BMS-01,BMS 모듈 (Battery Management),전자부품,개,7886.2,171.9,0.0,39.4,7,1400,5.63,39.4,14.0,100.0,LOW,670329800,85000,3
2025-04-05,CP-BMS-01,BMS 모듈 (Battery Management),전자부품,개,7681.6,204.7,0.0,38.4,7,1400,5.49,38.4,14.0,100.0,LOW,652933005,85000,3
2025-04-06,CP-BMS-01,BMS 모듈 (Battery Management),전자부품,개,7472.4,209.2,0.0,37.4,7,1400,5.34,37.4,14.0,100.0,LOW,635155085,85000,3
2025-04-07,CP-BMS-01,BMS 모듈 (Battery Management),전자부품,개,7274.8,197.6,0.0,36.4,7,1400,5.2,36.4,14.0,100.0,LOW,618359660,85000,3
2025-04-08,CP-BMS-01,BMS 모듈 (Battery Management),전자부품,개,7089.6,185.2,0.0,35.4,7,1400,5.06,35.4,14.0,100.0,LOW,602617590,85000,3
2025-04-09,CP-BMS-01,BMS 모듈 (Battery Management),전자부품,개,6900.8,188.8,0.0,34.5,7,1400,4.93,34.5,14.0,100.0,LOW,586570990,85000,3
2025-04-10,CP-BMS-01,BMS 모듈 (Battery Management),전자부품,개,6686.6,214.3,0.0,33.4,7,1400,4.78,33.4,14.0,100.0,LOW,568357250,85000,3
2025-04-11,CP-BMS-01,BMS 모듈 (Battery Management),전자부품,개,6500.5,186.1,0.0,32.5,7,1400,4.64,32.5,14.0,100.0,LOW,552542593,85000,3
2025-04-12,CP-BMS-01,BMS 모듈 (Battery Management),전자부품,개,6276.4,224.1,0.0,31.4,7,1400,4.48,31.4,14.0,100.0,LOW,533491140,85000,3
2025-04-13,CP-BMS-01,BMS 모듈 (Battery Management),전자부품,개,6845.5,239.7,808.8,34.2,7,1400,4.89,34.2,14.0,100.0,LOW,581868561,85000,3
2025-04-14,CP-BMS-01,BMS 모듈 (Battery Management),전자부품,개,6622.6,222.9,0.0,33.1,7,1400,4.73,33.1,14.0,100.0,LOW,562924269,85000,3
2025-04-15,CP-BMS-01,BMS 모듈 (Battery Management),전자부품,개,7786.4,229.9,1393.6,38.9,7,1400,5.56,38.9,14.0,100.0,LOW,661842162,85000,3
2025-04-16,CP-BMS-01,BMS 모듈 (Battery Management),전자부품,개,7598.3,188.1,0.0,38.0,7,1400,5.43,38.0,14.0,100.0,LOW,645851675,85000,3
2025-04-17,CP-BMS-01,BMS 모듈 (Battery Management),전자부품,개,8672.0,169.3,1243.1,43.4,7,1400,6.19,43.4,14.0,100.0,LOW,737120195,85000,3
2025-04-18,CP-BMS-01,BMS 모듈 (Battery Management),전자부품,개,8451.8,220.2,0.0,42.3,7,1400,6.04,42.3,14.0,100.0,LOW,718405720,85000,3
2025-04-19,CP-BMS-01,BMS 모듈 (Battery Management),전자부품,개,8276.1,175.8,0.0,41.4,7,1400,5.91,41.4,14.0,100.0,LOW,703466883,85000,3
2025-04-20,CP-BMS-01,BMS 모듈 (Battery Management),전자부품,개,8094.9,181.2,0.0,40.5,7,1400,5.78,40.5,14.0,100.0,LOW,688068474,85000,3
2025-04-21,CP-BMS-01,BMS 모듈 (Battery Management),전자부품,개,7917.5,177.5,0.0,39.6,7,1400,5.66,39.6,14.0,100.0,LOW,672984889,85000,3
2025-04-22,CP-BMS-01,BMS 모듈 (Battery Management),전자부품,개,9534.6,195.6,1812.8,47.7,7,1400,6.81,47.7,14.0,100.0,LOW,810445061,85000,3
2025-04-23,CP-BMS-01,BMS 모듈 (Battery Management),전자부품,개,9361.5,173.2,0.0,46.8,7,1400,6.69,46.8,14.0,100.0,LOW,795725587,85000,3
2025-04-24,CP-BMS-01,BMS 모듈 (Battery Management),전자부품,개,10918.0,198.3,1754.8,54.6,7,1400,7.8,54.6,14.0,100.0,LOW,928030504,85000,3
2025-04-25,CP-BMS-01,BMS 모듈 (Battery Management),전자부품,개,10695.0,223.0,0.0,53.5,7,1400,7.64,53.5,14.0,100.0,LOW,909073857,85000,3
2025-04-26,CP-BMS-01,BMS 모듈 (Battery Management),전자부품,개,10491.5,203.4,0.0,52.5,7,1400,7.49,52.5,14.0,100.0,LOW,891781470,85000,3
2025-04-27,CP-BMS-01,BMS 모듈 (Battery Management),전자부품,개,11272.4,161.0,941.8,56.4,7,1400,8.05,56.4,14.0,100.0,LOW,958152782,85000,3
2025-04-28,CP-BMS-01,BMS 모듈 (Battery Management),전자부품,개,11064.5,207.8,0.0,55.3,7,1400,7.9,55.3,14.0,100.0,LOW,940486320,85000,3
2025-04-29,CP-BMS-01,BMS 모듈 (Battery Management),전자부품,개,10828.4,236.2,0.0,54.1,7,1400,7.73,54.1,14.0,100.0,LOW,920409896,85000,3
2025-04-30,CP-BMS-01,BMS 모듈 (Battery Management),전자부품,개,10652.8,175.5,0.0,53.3,7,1400,7.61,53.3,14.0,100.0,LOW,905489589,85000,3
2025-05-01,CP-BMS-01,BMS 모듈 (Battery Management),전자부품,개,10490.8,162.1,0.0,52.5,7,1400,7.49,52.5,14.0,100.0,LOW,891714085,85000,3
2025-05-02,CP-BMS-01,BMS 모듈 (Battery Management),전자부품,개,11010.1,239.6,759.0,55.1,7,1400,7.86,55.1,14.0,100.0,LOW,935862264,85000,3
2025-05-03,CP-BMS-01,BMS 모듈 (Battery Management),전자부품,개,10776.7,233.4,0.0,53.9,7,1400,7.7,53.9,14.0,100.0,LOW,916022971,85000,3
2025-05-04,CP-BMS-01,BMS 모듈 (Battery Management),전자부품,개,10544.5,232.2,0.0,52.7,7,1400,7.53,52.7,14.0,100.0,LOW,896284178,85000,3
2025-05-05,CP-BMS-01,BMS 모듈 (Battery Management),전자부품,개,10358.1,186.4,0.0,51.8,7,1400,7.4,51.8,14.0,100.0,LOW,880437516,85000,3
2025-05-06,CP-BMS-01,BMS 모듈 (Battery Management),전자부품,개,10162.0,196.1,0.0,50.8,7,1400,7.26,50.8,14.0,100.0,LOW,863766870,85000,3
2025-05-07,CP-BMS-01,BMS 모듈 (Battery Management),전자부품,개,9938.2,223.7,0.0,49.7,7,1400,7.1,49.7,14.0,100.0,LOW,844750776,85000,3
2025-05-08,CP-BMS-01,BMS 모듈 (Battery Management),전자부품,개,11385.3,173.3,1620.3,56.9,7,1400,8.13,56.9,14.0,100.0,LOW,967747027,85000,3
2025-05-09,CP-BMS-01,BMS 모듈 (Battery Management),전자부품,개,11221.5,163.8,0.0,56.1,7,1400,8.02,56.1,14.0,100.0,LOW,953827611,85000,3
2025-05-10,CP-BMS-01,BMS 모듈 (Battery Management),전자부품,개,11038.6,182.9,0.0,55.2,7,1400,7.88,55.2,14.0,100.0,LOW,938283487,85000,3
2025-05-11,CP-BMS-01,BMS 모듈 (Battery Management),전자부품,개,10874.2,164.4,0.0,54.4,7,1400,7.77,54.4,14.0,100.0,LOW,924306659,85000,3
2025-05-12,CP-BMS-01,BMS 모듈 (Battery Management),전자부품,개,10681.1,193.1,0.0,53.4,7,1400,7.63,53.4,14.0,100.0,LOW,907893644,85000,3
2025-05-13,CP-BMS-01,BMS 모듈 (Battery Management),전자부품,개,10519.3,161.8,0.0,52.6,7,1400,7.51,52.6,14.0,100.0,LOW,894142559,85000,3
2025-05-14,CP-BMS-01,BMS 모듈 (Battery Management),전자부품,개,10281.9,237.4,0.0,51.4,7,1400,7.34,51.4,14.0,100.0,LOW,873961500,85000,3
2025-05-15,CP-BMS-01,BMS 모듈 (Battery Management),전자부품,개,10112.7,169.2,0.0,50.6,7,1400,7.22,50.6,14.0,100.0,LOW,859581175,85000,3
2025-05-16,CP-BMS-01,BMS 모듈 (Battery Management),전자부품,개,9948.6,164.1,0.0,49.7,7,1400,7.11,49.7,14.0,100.0,LOW,845634546,85000,3
2025-05-17,CP-BMS-01,BMS 모듈 (Battery Management),전자부품,개,11435.9,207.0,1694.3,57.2,7,1400,8.17,57.2,14.0,100.0,LOW,972052481,85000,3
2025-02-17,CP-PCB-01,PCB 기판 (Printed Circuit Board),전자부품,매,5269.0,525.5,0.0,10.5,7,3500,1.51,10.5,10.5,75.3,LOW,63227657,12000,3
2025-02-18,CP-PCB-01,PCB 기판 (Printed Circuit Board),전자부품,매,4804.0,465.0,0.0,9.6,7,3500,1.37,9.6,9.6,68.6,LOW,57647842,12000,3
2025-02-19,CP-PCB-01,PCB 기판 (Printed Circuit Board),전자부품,매,4257.9,546.0,0.0,8.5,7,3500,1.22,8.5,8.5,60.8,LOW,51095258,12000,3
2025-02-20,CP-PCB-01,PCB 기판 (Printed Circuit Board),전자부품,매,3710.0,547.9,0.0,7.4,7,3500,1.06,7.4,7.4,53.0,LOW,44520019,12000,3
2025-02-21,CP-PCB-01,PCB 기판 (Printed Circuit Board),전자부품,매,3271.0,439.0,0.0,6.5,7,3500,0.93,6.5,6.5,46.7,MEDIUM,39252563,12000,3
2025-02-22,CP-PCB-01,PCB 기판 (Printed Circuit Board),전자부품,매,2724.7,546.3,0.0,5.4,7,3500,0.78,5.4,5.4,38.9,MEDIUM,32696814,12000,3
2025-02-23,CP-PCB-01,PCB 기판 (Printed Circuit Board),전자부품,매,2311.1,413.6,0.0,4.6,7,3500,0.66,4.6,4.6,33.0,MEDIUM,27733678,12000,3
2025-02-24,CP-PCB-01,PCB 기판 (Printed Circuit Board),전자부품,매,1733.1,578.0,0.0,3.5,7,3500,0.5,3.5,3.5,24.8,HIGH,20797346,12000,3
2025-02-25,CP-PCB-01,PCB 기판 (Printed Circuit Board),전자부품,매,1198.0,535.2,0.0,2.4,7,3500,0.34,2.4,2.4,17.1,CRITICAL,14375519,12000,3
2025-02-26,CP-PCB-01,PCB 기판 (Printed Circuit Board),전자부품,매,786.1,411.8,0.0,1.6,7,3500,0.22,1.6,1.6,11.2,CRITICAL,9433494,12000,3
2025-02-27,CP-PCB-01,PCB 기판 (Printed Circuit Board),전자부품,매,3688.6,598.8,3501.3,7.4,7,3500,1.05,7.4,7.4,52.7,LOW,44262850,12000,3
2025-02-28,CP-PCB-01,PCB 기판 (Printed Circuit Board),전자부품,매,5942.1,486.8,2740.3,11.9,7,3500,1.7,11.9,11.9,84.9,LOW,71304966,12000,3
2025-03-01,CP-PCB-01,PCB 기판 (Printed Circuit Board),전자부품,매,5481.5,460.6,0.0,11.0,7,3500,1.57,11.0,11.0,78.3,LOW,65778174,12000,3
2025-03-02,CP-PCB-01,PCB 기판 (Printed Circuit Board),전자부품,매,4963.7,517.8,0.0,9.9,7,3500,1.42,9.9,9.9,70.9,LOW,59564526,12000,3
2025-03-03,CP-PCB-01,PCB 기판 (Printed Circuit Board),전자부품,매,4515.0,448.8,0.0,9.0,7,3500,1.29,9.0,9.0,64.5,LOW,54179402,12000,3
2025-03-04,CP-PCB-01,PCB 기판 (Printed Circuit Board),전자부품,매,8448.2,463.0,4396.2,16.9,7,3500,2.41,16.9,14.0,100.0,LOW,101378324,12000,3
2025-03-05,CP-PCB-01,PCB 기판 (Printed Circuit Board),전자부품,매,7997.3,450.9,0.0,16.0,7,3500,2.28,16.0,14.0,100.0,LOW,95967426,12000,3
2025-03-06,CP-PCB-01,PCB 기판 (Printed Circuit Board),전자부품,매,7457.4,539.9,0.0,14.9,7,3500,2.13,14.9,14.0,100.0,LOW,89489011,12000,3
2025-03-07,CP-PCB-01,PCB 기판 (Printed Circuit Board),전자부품,매,8931.7,482.5,1956.8,17.9,7,3500,2.55,17.9,14.0,100.0,LOW,107180436,12000,3
2025-03-08,CP-PCB-01,PCB 기판 (Printed Circuit Board),전자부품,매,8443.6,488.1,0.0,16.9,7,3500,2.41,16.9,14.0,100.0,LOW,101323142,12000,3
2025-03-09,CP-PCB-01,PCB 기판 (Printed Circuit Board),전자부품,매,8031.4,412.2,0.0,16.1,7,3500,2.29,16.1,14.0,100.0,LOW,96376913,12000,3
2025-03-10,CP-PCB-01,PCB 기판 (Printed Circuit Board),전자부품,매,7567.6,463.8,0.0,15.1,7,3500,2.16,15.1,14.0,100.0,LOW,90811205,12000,3
2025-03-11,CP-PCB-01,PCB 기판 (Printed Circuit Board),전자부품,매,8985.5,448.5,1866.4,18.0,7,3500,2.57,18.0,14.0,100.0,LOW,107825407,12000,3
2025-03-12,CP-PCB-01,PCB 기판 (Printed Circuit Board),전자부품,매,8559.7,425.7,0.0,17.1,7,3500,2.45,17.1,14.0,100.0,LOW,102716776,12000,3
2025-03-13,CP-PCB-01,PCB 기판 (Printed Circuit Board),전자부품,매,8153.5,406.2,0.0,16.3,7,3500,2.33,16.3,14.0,100.0,LOW,97842542,12000,3
2025-03-14,CP-PCB-01,PCB 기판 (Printed Circuit Board),전자부품,매,7728.5,425.1,0.0,15.5,7,3500,2.21,15.5,14.0,100.0,LOW,92741641,12000,3
2025-03-15,CP-PCB-01,PCB 기판 (Printed Circuit Board),전자부품,매,7273.4,455.1,0.0,14.5,7,3500,2.08,14.5,14.0,100.0,LOW,87280353,12000,3
2025-03-16,CP-PCB-01,PCB 기판 (Printed Circuit Board),전자부품,매,6755.7,517.6,0.0,13.5,7,3500,1.93,13.5,13.5,96.5,LOW,81068928,12000,3
2025-03-17,CP-PCB-01,PCB 기판 (Printed Circuit Board),전자부품,매,6194.1,561.7,0.0,12.4,7,3500,1.77,12.4,12.4,88.5,LOW,74328781,12000,3
2025-03-18,CP-PCB-01,PCB 기판 (Printed Circuit Board),전자부품,매,5742.9,451.1,0.0,11.5,7,3500,1.64,11.5,11.5,82.0,LOW,68914996,12000,3
2025-03-19,CP-PCB-01,PCB 기판 (Printed Circuit Board),전자부품,매,5306.7,436.2,0.0,10.6,7,3500,1.52,10.6,10.6,75.8,LOW,63680183,12000,3
2025-03-20,CP-PCB-01,PCB 기판 (Printed Circuit Board),전자부품,매,4819.5,487.2,0.0,9.6,7,3500,1.38,9.6,9.6,68.8,LOW,57833795,12000,3
2025-03-21,CP-PCB-01,PCB 기판 (Printed Circuit Board),전자부품,매,4406.0,413.5,0.0,8.8,7,3500,1.26,8.8,8.8,62.9,LOW,52872090,12000,3
2025-03-22,CP-PCB-01,PCB 기판 (Printed Circuit Board),전자부품,매,3861.4,544.6,0.0,7.7,7,3500,1.1,7.7,7.7,55.2,LOW,46336719,12000,3
2025-03-23,CP-PCB-01,PCB 기판 (Printed Circuit Board),전자부품,매,6962.5,515.8,3616.9,13.9,7,3500,1.99,13.9,13.9,99.5,LOW,83550428,12000,3
2025-03-24,CP-PCB-01,PCB 기판 (Printed Circuit Board),전자부품,매,6485.0,477.5,0.0,13.0,7,3500,1.85,13.0,13.0,92.6,LOW,77820545,12000,3
2025-03-25,CP-PCB-01,PCB 기판 (Printed Circuit Board),전자부품,매,6026.3,458.7,0.0,12.1,7,3500,1.72,12.1,12.1,86.1,LOW,72316062,12000,3
2025-03-26,CP-PCB-01,PCB 기판 (Printed Circuit Board),전자부품,매,5514.9,511.5,0.0,11.0,7,3500,1.58,11.0,11.0,78.8,LOW,66178290,12000,3
2025-03-27,CP-PCB-01,PCB 기판 (Printed Circuit Board),전자부품,매,4953.3,561.5,0.0,9.9,7,3500,1.42,9.9,9.9,70.8,LOW,59439767,12000,3
2025-03-28,CP-PCB-01,PCB 기판 (Printed Circuit Board),전자부품,매,4549.5,403.8,0.0,9.1,7,3500,1.3,9.1,9.1,65.0,LOW,54594298,12000,3
2025-03-29,CP-PCB-01,PCB 기판 (Printed Circuit Board),전자부품,매,4122.9,426.6,0.0,8.2,7,3500,1.18,8.2,8.2,58.9,LOW,49475271,12000,3
2025-03-30,CP-PCB-01,PCB 기판 (Printed Circuit Board),전자부품,매,8372.8,411.4,4661.3,16.7,7,3500,2.39,16.7,14.0,100.0,LOW,100473582,12000,3
2025-03-31,CP-PCB-01,PCB 기판 (Printed Circuit Board),전자부품,매,10715.9,404.9,2748.0,21.4,7,3500,3.06,21.4,14.0,100.0,LOW,128590494,12000,3
2025-04-01,CP-PCB-01,PCB 기판 (Printed Circuit Board),전자부품,매,14015.2,582.3,3881.7,28.0,7,3500,4.0,28.0,14.0,100.0,LOW,168182490,12000,3
2025-04-02,CP-PCB-01,PCB 기판 (Printed Circuit Board),전자부품,매,13428.9,586.3,0.0,26.9,7,3500,3.84,26.9,14.0,100.0,LOW,161146415,12000,3
2025-04-03,CP-PCB-01,PCB 기판 (Printed Circuit Board),전자부품,매,13012.1,416.7,0.0,26.0,7,3500,3.72,26.0,14.0,100.0,LOW,156145475,12000,3
2025-04-04,CP-PCB-01,PCB 기판 (Printed Circuit Board),전자부품,매,15084.8,577.3,2650.0,30.2,7,3500,4.31,30.2,14.0,100.0,LOW,181017825,12000,3
2025-04-05,CP-PCB-01,PCB 기판 (Printed Circuit Board),전자부품,매,14673.9,410.9,0.0,29.3,7,3500,4.19,29.3,14.0,100.0,LOW,176087107,12000,3
2025-04-06,CP-PCB-01,PCB 기판 (Printed Circuit Board),전자부품,매,14188.3,485.6,0.0,28.4,7,3500,4.05,28.4,14.0,100.0,LOW,170259465,12000,3
2025-04-07,CP-PCB-01,PCB 기판 (Printed Circuit Board),전자부품,매,16311.3,473.4,2596.4,32.6,7,3500,4.66,32.6,14.0,100.0,LOW,195735950,12000,3
2025-04-08,CP-PCB-01,PCB 기판 (Printed Circuit Board),전자부품,매,15784.1,527.2,0.0,31.6,7,3500,4.51,31.6,14.0,100.0,LOW,189409386,12000,3
2025-04-09,CP-PCB-01,PCB 기판 (Printed Circuit Board),전자부품,매,15279.4,504.7,0.0,30.6,7,3500,4.37,30.6,14.0,100.0,LOW,183353208,12000,3
2025-04-10,CP-PCB-01,PCB 기판 (Printed Circuit Board),전자부품,매,14714.4,565.0,0.0,29.4,7,3500,4.2,29.4,14.0,100.0,LOW,176572701,12000,3
2025-04-11,CP-PCB-01,PCB 기판 (Printed Circuit Board),전자부품,매,17906.8,553.0,3745.5,35.8,7,3500,5.12,35.8,14.0,100.0,LOW,214882116,12000,3
2025-04-12,CP-PCB-01,PCB 기판 (Printed Circuit Board),전자부품,매,17501.7,405.1,0.0,35.0,7,3500,5.0,35.0,14.0,100.0,LOW,210020748,12000,3
2025-04-13,CP-PCB-01,PCB 기판 (Printed Circuit Board),전자부품,매,17048.2,453.5,0.0,34.1,7,3500,4.87,34.1,14.0,100.0,LOW,204578952,12000,3
2025-04-14,CP-PCB-01,PCB 기판 (Printed Circuit Board),전자부품,매,16528.3,520.0,0.0,33.1,7,3500,4.72,33.1,14.0,100.0,LOW,198339029,12000,3
2025-04-15,CP-PCB-01,PCB 기판 (Printed Circuit Board),전자부품,매,15943.0,585.2,0.0,31.9,7,3500,4.56,31.9,14.0,100.0,LOW,191316136,12000,3
2025-04-16,CP-PCB-01,PCB 기판 (Printed Circuit Board),전자부품,매,15488.3,454.7,0.0,31.0,7,3500,4.43,31.0,14.0,100.0,LOW,185859260,12000,3
2025-04-17,CP-PCB-01,PCB 기판 (Printed Circuit Board),전자부품,매,14917.6,570.7,0.0,29.8,7,3500,4.26,29.8,14.0,100.0,LOW,179011270,12000,3
2025-04-18,CP-PCB-01,PCB 기판 (Printed Circuit Board),전자부품,매,16954.9,533.9,2571.2,33.9,7,3500,4.84,33.9,14.0,100.0,LOW,203458794,12000,3
2025-04-19,CP-PCB-01,PCB 기판 (Printed Circuit Board),전자부품,매,19601.1,412.7,3058.9,39.2,7,3500,5.6,39.2,14.0,100.0,LOW,235213151,12000,3
2025-04-20,CP-PCB-01,PCB 기판 (Printed Circuit Board),전자부품,매,19184.2,416.9,0.0,38.4,7,3500,5.48,38.4,14.0,100.0,LOW,230210938,12000,3
2025-04-21,CP-PCB-01,PCB 기판 (Printed Circuit Board),전자부품,매,18595.5,588.7,0.0,37.2,7,3500,5.31,37.2,14.0,100.0,LOW,223146360,12000,3
2025-04-22,CP-PCB-01,PCB 기판 (Printed Circuit Board),전자부품,매,18038.9,556.6,0.0,36.1,7,3500,5.15,36.1,14.0,100.0,LOW,216466643,12000,3
2025-04-23,CP-PCB-01,PCB 기판 (Printed Circuit Board),전자부품,매,21206.7,519.6,3687.4,42.4,7,3500,6.06,42.4,14.0,100.0,LOW,254480976,12000,3
2025-04-24,CP-PCB-01,PCB 기판 (Printed Circuit Board),전자부품,매,20679.1,527.7,0.0,41.4,7,3500,5.91,41.4,14.0,100.0,LOW,248148935,12000,3
2025-04-25,CP-PCB-01,PCB 기판 (Printed Circuit Board),전자부품,매,22268.1,591.9,2180.9,44.5,7,3500,6.36,44.5,14.0,100.0,LOW,267216673,12000,3
2025-04-26,CP-PCB-01,PCB 기판 (Printed Circuit Board),전자부품,매,21703.9,564.1,0.0,43.4,7,3500,6.2,43.4,14.0,100.0,LOW,260447348,12000,3
2025-04-27,CP-PCB-01,PCB 기판 (Printed Circuit Board),전자부품,매,21223.6,480.4,0.0,42.4,7,3500,6.06,42.4,14.0,100.0,LOW,254683044,12000,3
2025-04-28,CP-PCB-01,PCB 기판 (Printed Circuit Board),전자부품,매,20728.1,495.4,0.0,41.5,7,3500,5.92,41.5,14.0,100.0,LOW,248737764,12000,3
2025-04-29,CP-PCB-01,PCB 기판 (Printed Circuit Board),전자부품,매,20141.6,586.5,0.0,40.3,7,3500,5.75,40.3,14.0,100.0,LOW,241699791,12000,3
2025-04-30,CP-PCB-01,PCB 기판 (Printed Circuit Board),전자부품,매,19647.9,493.8,0.0,39.3,7,3500,5.61,39.3,14.0,100.0,LOW,235774695,12000,3
2025-05-01,CP-PCB-01,PCB 기판 (Printed Circuit Board),전자부품,매,19219.5,428.4,0.0,38.4,7,3500,5.49,38.4,14.0,100.0,LOW,230633909,12000,3
2025-05-02,CP-PCB-01,PCB 기판 (Printed Circuit Board),전자부품,매,18697.1,522.4,0.0,37.4,7,3500,5.34,37.4,14.0,100.0,LOW,224365088,12000,3
2025-05-03,CP-PCB-01,PCB 기판 (Printed Circuit Board),전자부품,매,18282.9,414.2,0.0,36.6,7,3500,5.22,36.6,14.0,100.0,LOW,219394890,12000,3
2025-05-04,CP-PCB-01,PCB 기판 (Printed Circuit Board),전자부품,매,17836.3,446.6,0.0,35.7,7,3500,5.1,35.7,14.0,100.0,LOW,214035515,12000,3
2025-05-05,CP-PCB-01,PCB 기판 (Printed Circuit Board),전자부품,매,20802.8,572.7,3539.2,41.6,7,3500,5.94,41.6,14.0,100.0,LOW,249633555,12000,3
2025-05-06,CP-PCB-01,PCB 기판 (Printed Circuit Board),전자부품,매,20203.7,599.1,0.0,40.4,7,3500,5.77,40.4,14.0,100.0,LOW,242444417,12000,3
2025-05-07,CP-PCB-01,PCB 기판 (Printed Circuit Board),전자부품,매,19792.5,411.2,0.0,39.6,7,3500,5.65,39.6,14.0,100.0,LOW,237509628,12000,3
2025-05-08,CP-PCB-01,PCB 기판 (Printed Circuit Board),전자부품,매,20974.6,434.3,1616.4,41.9,7,3500,5.99,41.9,14.0,100.0,LOW,251695052,12000,3
2025-05-09,CP-PCB-01,PCB 기판 (Printed Circuit Board),전자부품,매,20550.2,424.4,0.0,41.1,7,3500,5.87,41.1,14.0,100.0,LOW,246602520,12000,3
2025-05-10,CP-PCB-01,PCB 기판 (Printed Circuit Board),전자부품,매,20070.9,479.4,0.0,40.1,7,3500,5.73,40.1,14.0,100.0,LOW,240850308,12000,3
2025-05-11,CP-PCB-01,PCB 기판 (Printed Circuit Board),전자부품,매,19497.0,573.8,0.0,39.0,7,3500,5.57,39.0,14.0,100.0,LOW,233964289,12000,3
2025-05-12,CP-PCB-01,PCB 기판 (Printed Circuit Board),전자부품,매,19014.9,482.1,0.0,38.0,7,3500,5.43,38.0,14.0,100.0,LOW,228178586,12000,3
2025-05-13,CP-PCB-01,PCB 기판 (Printed Circuit Board),전자부품,매,18444.2,570.6,0.0,36.9,7,3500,5.27,36.9,14.0,100.0,LOW,221330805,12000,3
2025-05-14,CP-PCB-01,PCB 기판 (Printed Circuit Board),전자부품,매,21801.7,455.4,3812.8,43.6,7,3500,6.23,43.6,14.0,100.0,LOW,261619855,12000,3
2025-05-15,CP-PCB-01,PCB 기판 (Printed Circuit Board),전자부품,매,21252.4,549.3,0.0,42.5,7,3500,6.07,42.5,14.0,100.0,LOW,255028584,12000,3
2025-05-16,CP-PCB-01,PCB 기판 (Printed Circuit Board),전자부품,매,24298.1,451.9,3497.7,48.6,7,3500,6.94,48.6,14.0,100.0,LOW,291577518,12000,3
2025-05-17,CP-PCB-01,PCB 기판 (Printed Circuit Board),전자부품,매,23802.4,495.7,0.0,47.6,7,3500,6.8,47.6,14.0,100.0,LOW,285628627,12000,3
