order_id,order_date,customer_code,customer_name,customer_region,product_code,product_name,order_qty,shipped_qty,qty_fill_rate,due_date,ship_plan_date,ship_actual_date,ship_delay_days,on_time,in_full,otif,transport_mode,transport_km
ORD-5001,2025-02-17,CUS-LGE,LG에너지솔루션,오창,FG-MTR-01,전기모터 (Electric Motor),343,343,100.0,2025-02-24,2025-02-23,2025-02-23,0,True,True,True,트럭,337
ORD-5002,2025-02-17,CUS-HMC,현대자동차,울산,FG-BAT-01,배터리 팩 (Battery Pack),189,189,100.0,2025-02-20,2025-02-18,2025-02-18,0,True,True,True,트럭,101
ORD-5003,2025-02-17,CUS-EXA,수출(북미),부산항,FG-INV-01,인버터 (Inverter),448,448,100.0,2025-02-21,2025-02-20,2025-02-20,0,True,True,True,컨테이너 트럭,318
ORD-5004,2025-02-17,CUS-LGE,LG에너지솔루션,오창,FG-INV-01,인버터 (Inverter),48,48,100.0,2025-02-27,2025-02-26,2025-02-26,0,True,True,True,트럭,199
ORD-5005,2025-02-17,CUS-KIA,기아자동차,광주,FG-BAT-01,배터리 팩 (Battery Pack),66,66,100.0,2025-02-26,2025-02-24,2025-02-24,0,True,True,True,트럭,338
ORD-5006,2025-02-17,CUS-SKI,SK이노베이션,서산,FG-MTR-01,전기모터 (Electric Motor),20,20,100.0,2025-02-25,2025-02-24,2025-02-24,0,True,True,True,트럭,241
ORD-5007,2025-02-17,CUS-SSE,삼성SDI,천안,FG-CHG-01,충전기 (EV Charger),40,40,100.0,2025-02-25,2025-02-24,2025-02-24,0,True,True,True,트럭,99
ORD-5008,2025-02-18,CUS-KIA,기아자동차,광주,FG-MTR-01,전기모터 (Electric Motor),473,473,100.0,2025-02-28,2025-02-26,2025-03-01,3,False,True,False,트럭,170
ORD-5009,2025-02-18,CUS-EXP,수출(유럽),부산항,FG-MTR-01,전기모터 (Electric Motor),175,175,100.0,2025-02-21,2025-02-19,2025-02-19,0,True,True,True,컨테이너 트럭,342
ORD-5010,2025-02-18,CUS-SKI,SK이노베이션,서산,FG-BAT-01,배터리 팩 (Battery Pack),61,61,100.0,2025-02-20,2025-02-18,2025-02-18,0,True,True,True,트럭,353
ORD-5011,2025-02-19,CUS-EXP,수출(유럽),부산항,FG-BAT-01,배터리 팩 (Battery Pack),302,302,100.0,2025-02-23,2025-02-22,2025-02-22,0,True,True,True,컨테이너 트럭,297
ORD-5012,2025-02-19,CUS-LGE,LG에너지솔루션,오창,FG-MTR-01,전기모터 (Electric Motor),96,96,100.0,2025-02-21,2025-02-19,2025-02-20,1,True,True,True,트럭,248
ORD-5013,2025-02-19,CUS-SSE,삼성SDI,천안,FG-BAT-01,배터리 팩 (Battery Pack),384,384,100.0,2025-02-25,2025-02-24,2025-02-24,0,True,True,True,트럭,393
ORD-5014,2025-02-19,CUS-SKI,SK이노베이션,서산,FG-INV-01,인버터 (Inverter),419,419,100.0,2025-02-27,2025-02-25,2025-02-25,0,True,True,True,트럭,305
ORD-5015,2025-02-19,CUS-SKI,SK이노베이션,서산,FG-INV-01,인버터 (Inverter),233,233,100.0,2025-02-23,2025-02-22,2025-02-22,0,True,True,True,트럭,258
ORD-5016,2025-02-19,CUS-EXA,수출(북미),부산항,FG-CHG-01,충전기 (EV Charger),391,391,100.0,2025-02-23,2025-02-21,2025-02-21,0,True,True,True,컨테이너 트럭,346
ORD-5017,2025-02-19,CUS-EXP,수출(유럽),부산항,FG-MTR-01,전기모터 (Electric Motor),212,212,100.0,2025-02-21,2025-02-20,2025-02-20,0,True,True,True,컨테이너 트럭,315
ORD-5018,2025-02-19,CUS-SSE,삼성SDI,천안,FG-CHG-01,충전기 (EV Charger),468,468,100.0,2025-02-22,2025-02-21,2025-02-21,0,True,True,True,트럭,238
ORD-5019,2025-02-20,CUS-EXA,수출(북미),부산항,FG-BAT-01,배터리 팩 (Battery Pack),290,290,100.0,2025-02-27,2025-02-25,2025-02-26,1,True,True,True,컨테이너 트럭,313
ORD-5020,2025-02-20,CUS-KIA,기아자동차,광주,FG-BAT-01,배터리 팩 (Battery Pack),274,274,100.0,2025-02-23,2025-02-21,2025-02-21,0,True,True,True,트럭,89
ORD-5021,2025-02-20,CUS-KIA,기아자동차,광주,FG-CHG-01,충전기 (EV Charger),173,173,100.0,2025-02-27,2025-02-26,2025-03-03,5,False,True,False,트럭,297
ORD-5022,2025-02-20,CUS-SKI,SK이노베이션,서산,FG-BAT-01,배터리 팩 (Battery Pack),355,355,100.0,2025-02-27,2025-02-26,2025-02-26,0,True,True,True,트럭,333
ORD-5023,2025-02-20,CUS-EXA,수출(북미),부산항,FG-INV-01,인버터 (Inverter),153,153,100.0,2025-02-22,2025-02-20,2025-02-20,0,True,True,True,컨테이너 트럭,344
ORD-5024,2025-02-20,CUS-SKI,SK이노베이션,서산,FG-CHG-01,충전기 (EV Charger),217,217,100.0,2025-02-28,2025-02-27,2025-03-01,2,False,True,False,트럭,265
ORD-5025,2025-02-21,CUS-SSE,삼성SDI,천안,FG-MTR-01,전기모터 (Electric Motor),183,183,100.0,2025-03-03,2025-03-02,2025-03-02,0,True,True,True,트럭,278
ORD-5026,2025-02-21,CUS-EXP,수출(유럽),부산항,FG-BAT-01,배터리 팩 (Battery Pack),209,209,100.0,2025-02-25,2025-02-23,2025-02-23,0,True,True,True,컨테이너 트럭,269
ORD-5027,2025-02-21,CUS-KIA,기아자동차,광주,FG-MTR-01,전기모터 (Electric Motor),40,40,100.0,2025-02-24,2025-02-23,2025-02-23,0,True,True,True,트럭,173
ORD-5028,2025-02-21,CUS-KIA,기아자동차,광주,FG-MTR-01,전기모터 (Electric Motor),294,294,100.0,2025-02-28,2025-02-26,2025-02-26,0,True,True,True,트럭,116
ORD-5029,2025-02-21,CUS-EXP,수출(유럽),부산항,FG-INV-01,인버터 (Inverter),416,416,100.0,2025-03-03,2025-03-01,2025-03-03,2,True,True,True,컨테이너 트럭,280
ORD-5030,2025-02-21,CUS-EXP,수출(유럽),부산항,FG-BAT-01,배터리 팩 (Battery Pack),234,234,100.0,2025-03-03,2025-03-02,2025-03-02,0,True,True,True,컨테이너 트럭,326
ORD-5031,2025-02-21,CUS-KIA,기아자동차,광주,FG-BAT-01,배터리 팩 (Battery Pack),444,444,100.0,2025-02-23,2025-02-22,2025-02-22,0,True,True,True,트럭,300
ORD-5032,2025-02-21,CUS-SKI,SK이노베이션,서산,FG-MTR-01,전기모터 (Electric Motor),144,144,100.0,2025-02-26,2025-02-25,2025-02-26,1,True,True,True,트럭,208
ORD-5033,2025-02-22,CUS-KIA,기아자동차,광주,FG-CHG-01,충전기 (EV Charger),162,162,100.0,2025-03-01,2025-02-28,2025-02-28,0,True,True,True,트럭,132
ORD-5034,2025-02-22,CUS-KIA,기아자동차,광주,FG-MTR-01,전기모터 (Electric Motor),91,91,100.0,2025-03-02,2025-02-28,2025-03-02,2,True,True,True,트럭,291
ORD-5035,2025-02-22,CUS-HMC,현대자동차,울산,FG-BAT-01,배터리 팩 (Battery Pack),218,218,100.0,2025-02-24,2025-02-23,2025-02-25,2,False,True,False,트럭,125
ORD-5036,2025-02-22,CUS-EXA,수출(북미),부산항,FG-INV-01,인버터 (Inverter),225,225,100.0,2025-03-01,2025-02-27,2025-02-27,0,True,True,True,컨테이너 트럭,314
ORD-5037,2025-02-23,CUS-SSE,삼성SDI,천안,FG-CHG-01,충전기 (EV Charger),37,37,100.0,2025-02-28,2025-02-26,2025-02-26,0,True,True,True,트럭,322
ORD-5038,2025-02-23,CUS-EXP,수출(유럽),부산항,FG-INV-01,인버터 (Inverter),409,409,100.0,2025-03-05,2025-03-03,2025-03-03,0,True,True,True,컨테이너 트럭,317
ORD-5039,2025-02-23,CUS-SSE,삼성SDI,천안,FG-BAT-01,배터리 팩 (Battery Pack),492,492,100.0,2025-02-26,2025-02-24,2025-02-24,0,True,True,True,트럭,294
ORD-5040,2025-02-23,CUS-EXA,수출(북미),부산항,FG-INV-01,인버터 (Inverter),48,48,100.0,2025-02-27,2025-02-25,2025-02-25,0,True,True,True,컨테이너 트럭,297
ORD-5041,2025-02-24,CUS-HMC,현대자동차,울산,FG-INV-01,인버터 (Inverter),464,464,100.0,2025-03-01,2025-02-27,2025-02-27,0,True,True,True,트럭,107
ORD-5042,2025-02-24,CUS-SKI,SK이노베이션,서산,FG-BAT-01,배터리 팩 (Battery Pack),197,197,100.0,2025-03-05,2025-03-04,2025-03-04,0,True,True,True,트럭,296
ORD-5043,2025-02-24,CUS-KIA,기아자동차,광주,FG-INV-01,인버터 (Inverter),74,74,100.0,2025-03-02,2025-02-28,2025-02-28,0,True,True,True,트럭,188
ORD-5044,2025-02-24,CUS-LGE,LG에너지솔루션,오창,FG-BAT-01,배터리 팩 (Battery Pack),190,190,100.0,2025-03-01,2025-02-27,2025-02-28,1,True,True,True,트럭,248
ORD-5045,2025-02-25,CUS-EXP,수출(유럽),부산항,FG-MTR-01,전기모터 (Electric Motor),30,30,100.0,2025-03-02,2025-02-28,2025-03-01,1,True,True,True,컨테이너 트럭,339
ORD-5046,2025-02-25,CUS-SKI,SK이노베이션,서산,FG-BAT-01,배터리 팩 (Battery Pack),345,345,100.0,2025-03-01,2025-02-28,2025-02-28,0,True,True,True,트럭,81
ORD-5047,2025-02-25,CUS-LGE,LG에너지솔루션,오창,FG-CHG-01,충전기 (EV Charger),247,247,100.0,2025-02-27,2025-02-26,2025-02-26,0,True,True,True,트럭,81
ORD-5048,2025-02-25,CUS-SSE,삼성SDI,천안,FG-BAT-01,배터리 팩 (Battery Pack),220,220,100.0,2025-03-03,2025-03-01,2025-03-01,0,True,True,True,트럭,349
ORD-5049,2025-02-26,CUS-SSE,삼성SDI,천안,FG-BAT-01,배터리 팩 (Battery Pack),346,346,100.0,2025-02-28,2025-02-27,2025-02-27,0,True,True,True,트럭,179
ORD-5050,2025-02-26,CUS-KIA,기아자동차,광주,FG-BAT-01,배터리 팩 (Battery Pack),71,71,100.0,2025-03-08,2025-03-07,2025-03-07,0,True,True,True,트럭,222
ORD-5051,2025-02-26,CUS-EXP,수출(유럽),부산항,FG-CHG-01,충전기 (EV Charger),179,179,100.0,2025-03-03,2025-03-01,2025-03-01,0,True,True,True,컨테이너 트럭,329
ORD-5052,2025-02-26,CUS-SSE,삼성SDI,천안,FG-MTR-01,전기모터 (Electric Motor),396,396,100.0,2025-03-02,2025-02-28,2025-02-28,0,True,True,True,트럭,289
ORD-5053,2025-02-26,CUS-KIA,기아자동차,광주,FG-INV-01,인버터 (Inverter),29,29,100.0,2025-03-08,2025-03-07,2025-03-07,0,True,True,True,트럭,171
ORD-5054,2025-02-26,CUS-LGE,LG에너지솔루션,오창,FG-BAT-01,배터리 팩 (Battery Pack),17,17,100.0,2025-03-01,2025-02-27,2025-02-27,0,True,True,True,트럭,124
ORD-5055,2025-02-27,CUS-KIA,기아자동차,광주,FG-CHG-01,충전기 (EV Charger),298,298,100.0,2025-03-03,2025-03-01,2025-03-01,0,True,True,True,트럭,264
ORD-5056,2025-02-27,CUS-SKI,SK이노베이션,서산,FG-MTR-01,전기모터 (Electric Motor),402,402,100.0,2025-03-02,2025-02-28,2025-02-28,0,True,True,True,트럭,258
ORD-5057,2025-02-27,CUS-SKI,SK이노베이션,서산,FG-INV-01,인버터 (Inverter),309,309,100.0,2025-03-03,2025-03-02,2025-03-03,1,True,True,True,트럭,251
ORD-5058,2025-02-28,CUS-EXA,수출(북미),부산항,FG-MTR-01,전기모터 (Electric Motor),361,361,100.0,2025-03-03,2025-03-02,2025-03-02,0,True,True,True,컨테이너 트럭,293
ORD-5059,2025-02-28,CUS-KIA,기아자동차,광주,FG-CHG-01,충전기 (EV Charger),321,254,79.0,2025-03-10,2025-03-08,2025-03-08,0,True,False,False,트럭,134
ORD-5060,2025-02-28,CUS-SSE,삼성SDI,천안,FG-BAT-01,배터리 팩 (Battery Pack),12,12,100.0,2025-03-10,2025-03-08,2025-03-08,0,True,True,True,트럭,267
ORD-5061,2025-02-28,CUS-KIA,기아자동차,광주,FG-BAT-01,배터리 팩 (Battery Pack),307,307,100.0,2025-03-02,2025-02-28,2025-02-28,0,True,True,True,트럭,225
ORD-5062,2025-02-28,CUS-SKI,SK이노베이션,서산,FG-CHG-01,충전기 (EV Charger),113,113,100.0,2025-03-05,2025-03-03,2025-03-03,0,True,True,True,트럭,193
ORD-5063,2025-02-28,CUS-SSE,삼성SDI,천안,FG-INV-01,인버터 (Inverter),390,390,100.0,2025-03-09,2025-03-07,2025-03-07,0,True,True,True,트럭,355
ORD-5064,2025-03-01,CUS-SSE,삼성SDI,천안,FG-BAT-01,배터리 팩 (Battery Pack),340,340,100.0,2025-03-10,2025-03-09,2025-03-10,1,True,True,True,트럭,269
ORD-5065,2025-03-01,CUS-SSE,삼성SDI,천안,FG-CHG-01,충전기 (EV Charger),443,443,100.0,2025-03-09,2025-03-07,2025-03-07,0,True,True,True,트럭,176
ORD-5066,2025-03-01,CUS-EXA,수출(북미),부산항,FG-CHG-01,충전기 (EV Charger),288,288,100.0,2025-03-09,2025-03-07,2025-03-07,0,True,True,True,컨테이너 트럭,341
ORD-5067,2025-03-02,CUS-SKI,SK이노베이션,서산,FG-BAT-01,배터리 팩 (Battery Pack),291,243,83.5,2025-03-08,2025-03-06,2025-03-06,0,True,False,False,트럭,314
ORD-5068,2025-03-02,CUS-KIA,기아자동차,광주,FG-MTR-01,전기모터 (Electric Motor),126,126,100.0,2025-03-10,2025-03-09,2025-03-09,0,True,True,True,트럭,213
ORD-5069,2025-03-02,CUS-EXP,수출(유럽),부산항,FG-MTR-01,전기모터 (Electric Motor),175,175,100.0,2025-03-11,2025-03-09,2025-03-09,0,True,True,True,컨테이너 트럭,323
ORD-5070,2025-03-02,CUS-HMC,현대자동차,울산,FG-INV-01,인버터 (Inverter),455,455,100.0,2025-03-09,2025-03-07,2025-03-07,0,True,True,True,트럭,219
ORD-5071,2025-03-02,CUS-SSE,삼성SDI,천안,FG-MTR-01,전기모터 (Electric Motor),287,287,100.0,2025-03-06,2025-03-05,2025-03-05,0,True,True,True,트럭,168
ORD-5072,2025-03-02,CUS-SKI,SK이노베이션,서산,FG-BAT-01,배터리 팩 (Battery Pack),242,242,100.0,2025-03-08,2025-03-07,2025-03-07,0,True,True,True,트럭,348
ORD-5073,2025-03-02,CUS-KIA,기아자동차,광주,FG-INV-01,인버터 (Inverter),195,195,100.0,2025-03-05,2025-03-04,2025-03-04,0,True,True,True,트럭,199
ORD-5074,2025-03-03,CUS-EXP,수출(유럽),부산항,FG-INV-01,인버터 (Inverter),441,441,100.0,2025-03-05,2025-03-04,2025-03-09,5,False,True,False,컨테이너 트럭,254
ORD-5075,2025-03-03,CUS-SSE,삼성SDI,천안,FG-INV-01,인버터 (Inverter),130,104,80.3,2025-03-08,2025-03-07,2025-03-07,0,True,False,False,트럭,91
ORD-5076,2025-03-03,CUS-SKI,SK이노베이션,서산,FG-BAT-01,배터리 팩 (Battery Pack),139,139,100.0,2025-03-09,2025-03-08,2025-03-08,0,True,True,True,트럭,218
ORD-5077,2025-03-03,CUS-EXA,수출(북미),부산항,FG-MTR-01,전기모터 (Electric Motor),183,183,100.0,2025-03-07,2025-03-05,2025-03-05,0,True,True,True,컨테이너 트럭,291
ORD-5078,2025-03-03,CUS-HMC,현대자동차,울산,FG-INV-01,인버터 (Inverter),217,217,100.0,2025-03-05,2025-03-03,2025-03-03,0,True,True,True,트럭,231
ORD-5079,2025-03-04,CUS-EXP,수출(유럽),부산항,FG-INV-01,인버터 (Inverter),380,380,100.0,2025-03-13,2025-03-11,2025-03-11,0,True,True,True,컨테이너 트럭,274
ORD-5080,2025-03-04,CUS-HMC,현대자동차,울산,FG-BAT-01,배터리 팩 (Battery Pack),332,332,100.0,2025-03-11,2025-03-09,2025-03-09,0,True,True,True,트럭,228
ORD-5081,2025-03-04,CUS-HMC,현대자동차,울산,FG-BAT-01,배터리 팩 (Battery Pack),414,414,100.0,2025-03-11,2025-03-10,2025-03-10,0,True,True,True,트럭,96
ORD-5082,2025-03-04,CUS-EXA,수출(북미),부산항,FG-INV-01,인버터 (Inverter),177,177,100.0,2025-03-09,2025-03-08,2025-03-08,0,True,True,True,컨테이너 트럭,295
ORD-5083,2025-03-05,CUS-EXA,수출(북미),부산항,FG-MTR-01,전기모터 (Electric Motor),78,58,73.7,2025-03-15,2025-03-14,2025-03-14,0,True,False,False,컨테이너 트럭,337
ORD-5084,2025-03-05,CUS-EXA,수출(북미),부산항,FG-BAT-01,배터리 팩 (Battery Pack),432,318,73.6,2025-03-11,2025-03-10,2025-03-10,0,True,False,False,컨테이너 트럭,251
ORD-5085,2025-03-05,CUS-HMC,현대자동차,울산,FG-INV-01,인버터 (Inverter),236,236,100.0,2025-03-08,2025-03-07,2025-03-07,0,True,True,True,트럭,259
ORD-5086,2025-03-05,CUS-SKI,SK이노베이션,서산,FG-BAT-01,배터리 팩 (Battery Pack),358,358,100.0,2025-03-10,2025-03-09,2025-03-09,0,True,True,True,트럭,104
ORD-5087,2025-03-05,CUS-KIA,기아자동차,광주,FG-BAT-01,배터리 팩 (Battery Pack),425,425,100.0,2025-03-12,2025-03-11,2025-03-13,2,False,True,False,트럭,92
ORD-5088,2025-03-05,CUS-SSE,삼성SDI,천안,FG-CHG-01,충전기 (EV Charger),57,57,100.0,2025-03-15,2025-03-14,2025-03-14,0,True,True,True,트럭,340
ORD-5089,2025-03-05,CUS-KIA,기아자동차,광주,FG-MTR-01,전기모터 (Electric Motor),368,368,100.0,2025-03-15,2025-03-14,2025-03-16,2,False,True,False,트럭,148
ORD-5090,2025-03-05,CUS-EXP,수출(유럽),부산항,FG-BAT-01,배터리 팩 (Battery Pack),209,209,100.0,2025-03-14,2025-03-12,2025-03-12,0,True,True,True,컨테이너 트럭,325
ORD-5091,2025-03-06,CUS-SKI,SK이노베이션,서산,FG-MTR-01,전기모터 (Electric Motor),48,48,100.0,2025-03-16,2025-03-14,2025-03-14,0,True,True,True,트럭,382
ORD-5092,2025-03-06,CUS-LGE,LG에너지솔루션,오창,FG-BAT-01,배터리 팩 (Battery Pack),497,497,100.0,2025-03-09,2025-03-08,2025-03-10,2,False,True,False,트럭,94
ORD-5093,2025-03-06,CUS-LGE,LG에너지솔루션,오창,FG-BAT-01,배터리 팩 (Battery Pack),328,328,100.0,2025-03-12,2025-03-10,2025-03-10,0,True,True,True,트럭,384
ORD-5094,2025-03-06,CUS-KIA,기아자동차,광주,FG-INV-01,인버터 (Inverter),13,13,100.0,2025-03-12,2025-03-10,2025-03-10,0,True,True,True,트럭,108
ORD-5095,2025-03-06,CUS-EXA,수출(북미),부산항,FG-BAT-01,배터리 팩 (Battery Pack),279,279,100.0,2025-03-08,2025-03-07,2025-03-07,0,True,True,True,컨테이너 트럭,306
ORD-5096,2025-03-06,CUS-SSE,삼성SDI,천안,FG-BAT-01,배터리 팩 (Battery Pack),195,195,100.0,2025-03-11,2025-03-09,2025-03-09,0,True,True,True,트럭,156
ORD-5097,2025-03-06,CUS-KIA,기아자동차,광주,FG-INV-01,인버터 (Inverter),455,455,100.0,2025-03-08,2025-03-07,2025-03-07,0,True,True,True,트럭,268
ORD-5098,2025-03-07,CUS-HMC,현대자동차,울산,FG-INV-01,인버터 (Inverter),228,228,100.0,2025-03-14,2025-03-13,2025-03-13,0,True,True,True,트럭,275
ORD-5099,2025-03-07,CUS-KIA,기아자동차,광주,FG-MTR-01,전기모터 (Electric Motor),353,353,100.0,2025-03-13,2025-03-12,2025-03-12,0,True,True,True,트럭,332
ORD-5100,2025-03-07,CUS-EXP,수출(유럽),부산항,FG-INV-01,인버터 (Inverter),378,378,100.0,2025-03-15,2025-03-13,2025-03-13,0,True,True,True,컨테이너 트럭,261
ORD-5101,2025-03-07,CUS-SSE,삼성SDI,천안,FG-BAT-01,배터리 팩 (Battery Pack),30,30,100.0,2025-03-10,2025-03-09,2025-03-09,0,True,True,True,트럭,376
ORD-5102,2025-03-07,CUS-EXP,수출(유럽),부산항,FG-CHG-01,충전기 (EV Charger),292,292,100.0,2025-03-12,2025-03-11,2025-03-11,0,True,True,True,컨테이너 트럭,310
ORD-5103,2025-03-07,CUS-EXP,수출(유럽),부산항,FG-INV-01,인버터 (Inverter),477,477,100.0,2025-03-14,2025-03-13,2025-03-13,0,True,True,True,컨테이너 트럭,319
ORD-5104,2025-03-07,CUS-SKI,SK이노베이션,서산,FG-MTR-01,전기모터 (Electric Motor),440,440,100.0,2025-03-17,2025-03-15,2025-03-15,0,True,True,True,트럭,334
ORD-5105,2025-03-07,CUS-KIA,기아자동차,광주,FG-INV-01,인버터 (Inverter),481,481,100.0,2025-03-09,2025-03-07,2025-03-07,0,True,True,True,트럭,103
ORD-5106,2025-03-08,CUS-EXA,수출(북미),부산항,FG-MTR-01,전기모터 (Electric Motor),356,356,100.0,2025-03-18,2025-03-17,2025-03-17,0,True,True,True,컨테이너 트럭,267
ORD-5107,2025-03-08,CUS-SKI,SK이노베이션,서산,FG-MTR-01,전기모터 (Electric Motor),146,146,100.0,2025-03-12,2025-03-10,2025-03-12,2,True,True,True,트럭,132
ORD-5108,2025-03-08,CUS-LGE,LG에너지솔루션,오창,FG-INV-01,인버터 (Inverter),244,244,100.0,2025-03-10,2025-03-08,2025-03-08,0,True,True,True,트럭,94
ORD-5109,2025-03-08,CUS-EXA,수출(북미),부산항,FG-INV-01,인버터 (Inverter),110,110,100.0,2025-03-14,2025-03-13,2025-03-13,0,True,True,True,컨테이너 트럭,251
ORD-5110,2025-03-08,CUS-LGE,LG에너지솔루션,오창,FG-INV-01,인버터 (Inverter),253,253,100.0,2025-03-13,2025-03-11,2025-03-11,0,True,True,True,트럭,169
ORD-5111,2025-03-08,CUS-SSE,삼성SDI,천안,FG-INV-01,인버터 (Inverter),421,421,100.0,2025-03-17,2025-03-15,2025-03-18,3,False,True,False,트럭,129
ORD-5112,2025-03-08,CUS-EXP,수출(유럽),부산항,FG-MTR-01,전기모터 (Electric Motor),211,211,100.0,2025-03-12,2025-03-11,2025-03-11,0,True,True,True,컨테이너 트럭,325
ORD-5113,2025-03-09,CUS-SKI,SK이노베이션,서산,FG-INV-01,인버터 (Inverter),87,87,100.0,2025-03-18,2025-03-16,2025-03-16,0,True,True,True,트럭,250
ORD-5114,2025-03-09,CUS-EXA,수출(북미),부산항,FG-INV-01,인버터 (Inverter),57,57,100.0,2025-03-16,2025-03-15,2025-03-15,0,True,True,True,컨테이너 트럭,299
ORD-5115,2025-03-09,CUS-EXA,수출(북미),부산항,FG-BAT-01,배터리 팩 (Battery Pack),78,78,100.0,2025-03-14,2025-03-12,2025-03-12,0,True,True,True,컨테이너 트럭,284
ORD-5116,2025-03-09,CUS-SKI,SK이노베이션,서산,FG-BAT-01,배터리 팩 (Battery Pack),451,451,100.0,2025-03-12,2025-03-11,2025-03-11,0,True,True,True,트럭,122
ORD-5117,2025-03-09,CUS-EXA,수출(북미),부산항,FG-MTR-01,전기모터 (Electric Motor),15,15,100.0,2025-03-16,2025-03-14,2025-03-14,0,True,True,True,컨테이너 트럭,315
ORD-5118,2025-03-10,CUS-EXA,수출(북미),부산항,FG-INV-01,인버터 (Inverter),422,380,90.1,2025-03-12,2025-03-10,2025-03-15,5,False,False,False,컨테이너 트럭,319
ORD-5119,2025-03-10,CUS-SSE,삼성SDI,천안,FG-CHG-01,충전기 (EV Charger),271,271,100.0,2025-03-13,2025-03-11,2025-03-11,0,True,True,True,트럭,369
ORD-5120,2025-03-10,CUS-EXA,수출(북미),부산항,FG-INV-01,인버터 (Inverter),212,212,100.0,2025-03-17,2025-03-15,2025-03-18,3,False,True,False,컨테이너 트럭,277
ORD-5121,2025-03-10,CUS-LGE,LG에너지솔루션,오창,FG-INV-01,인버터 (Inverter),416,416,100.0,2025-03-16,2025-03-14,2025-03-14,0,True,True,True,트럭,195
ORD-5122,2025-03-11,CUS-KIA,기아자동차,광주,FG-CHG-01,충전기 (EV Charger),388,320,82.4,2025-03-14,2025-03-12,2025-03-12,0,True,False,False,트럭,316
ORD-5123,2025-03-11,CUS-SKI,SK이노베이션,서산,FG-CHG-01,충전기 (EV Charger),397,397,100.0,2025-03-16,2025-03-15,2025-03-16,1,True,True,True,트럭,142
ORD-5124,2025-03-11,CUS-EXA,수출(북미),부산항,FG-MTR-01,전기모터 (Electric Motor),450,450,100.0,2025-03-17,2025-03-15,2025-03-15,0,True,True,True,컨테이너 트럭,288
ORD-5125,2025-03-11,CUS-EXP,수출(유럽),부산항,FG-INV-01,인버터 (Inverter),485,383,78.9,2025-03-17,2025-03-15,2025-03-15,0,True,False,False,컨테이너 트럭,274
ORD-5126,2025-03-11,CUS-EXA,수출(북미),부산항,FG-MTR-01,전기모터 (Electric Motor),165,165,100.0,2025-03-17,2025-03-16,2025-03-16,0,True,True,True,컨테이너 트럭,269
ORD-5127,2025-03-11,CUS-SSE,삼성SDI,천안,FG-CHG-01,충전기 (EV Charger),389,389,100.0,2025-03-20,2025-03-19,2025-03-19,0,True,True,True,트럭,369
ORD-5128,2025-03-11,CUS-KIA,기아자동차,광주,FG-INV-01,인버터 (Inverter),67,67,100.0,2025-03-21,2025-03-19,2025-03-19,0,True,True,True,트럭,252
ORD-5129,2025-03-12,CUS-HMC,현대자동차,울산,FG-CHG-01,충전기 (EV Charger),87,87,100.0,2025-03-22,2025-03-21,2025-03-21,0,True,True,True,트럭,106
ORD-5130,2025-03-12,CUS-KIA,기아자동차,광주,FG-INV-01,인버터 (Inverter),333,333,100.0,2025-03-16,2025-03-15,2025-03-15,0,True,True,True,트럭,285
ORD-5131,2025-03-12,CUS-HMC,현대자동차,울산,FG-CHG-01,충전기 (EV Charger),403,403,100.0,2025-03-16,2025-03-14,2025-03-14,0,True,True,True,트럭,337
ORD-5132,2025-03-12,CUS-LGE,LG에너지솔루션,오창,FG-MTR-01,전기모터 (Electric Motor),271,271,100.0,2025-03-21,2025-03-19,2025-03-19,0,True,True,True,트럭,280
ORD-5133,2025-03-13,CUS-SKI,SK이노베이션,서산,FG-BAT-01,배터리 팩 (Battery Pack),211,211,100.0,2025-03-16,2025-03-14,2025-03-14,0,True,True,True,트럭,190
ORD-5134,2025-03-13,CUS-EXP,수출(유럽),부산항,FG-CHG-01,충전기 (EV Charger),136,136,100.0,2025-03-22,2025-03-21,2025-03-21,0,True,True,True,컨테이너 트럭,282
ORD-5135,2025-03-13,CUS-EXP,수출(유럽),부산항,FG-CHG-01,충전기 (EV Charger),297,297,100.0,2025-03-19,2025-03-18,2025-03-18,0,True,True,True,컨테이너 트럭,347
ORD-5136,2025-03-13,CUS-HMC,현대자동차,울산,FG-CHG-01,충전기 (EV Charger),96,96,100.0,2025-03-17,2025-03-15,2025-03-15,0,True,True,True,트럭,163
ORD-5137,2025-03-14,CUS-HMC,현대자동차,울산,FG-INV-01,인버터 (Inverter),261,261,100.0,2025-03-22,2025-03-20,2025-03-20,0,True,True,True,트럭,218
ORD-5138,2025-03-14,CUS-EXA,수출(북미),부산항,FG-INV-01,인버터 (Inverter),172,172,100.0,2025-03-16,2025-03-14,2025-03-14,0,True,True,True,컨테이너 트럭,340
ORD-5139,2025-03-14,CUS-LGE,LG에너지솔루션,오창,FG-CHG-01,충전기 (EV Charger),43,43,100.0,2025-03-16,2025-03-15,2025-03-15,0,True,True,True,트럭,300
ORD-5140,2025-03-14,CUS-HMC,현대자동차,울산,FG-BAT-01,배터리 팩 (Battery Pack),453,453,100.0,2025-03-16,2025-03-15,2025-03-15,0,True,True,True,트럭,276
ORD-5141,2025-03-15,CUS-EXP,수출(유럽),부산항,FG-CHG-01,충전기 (EV Charger),124,124,100.0,2025-03-25,2025-03-24,2025-03-24,0,True,True,True,컨테이너 트럭,295
ORD-5142,2025-03-15,CUS-KIA,기아자동차,광주,FG-BAT-01,배터리 팩 (Battery Pack),378,378,100.0,2025-03-25,2025-03-24,2025-03-24,0,True,True,True,트럭,256
ORD-5143,2025-03-15,CUS-HMC,현대자동차,울산,FG-BAT-01,배터리 팩 (Battery Pack),20,20,100.0,2025-03-22,2025-03-20,2025-03-20,0,True,True,True,트럭,391
ORD-5144,2025-03-15,CUS-HMC,현대자동차,울산,FG-CHG-01,충전기 (EV Charger),127,127,100.0,2025-03-20,2025-03-19,2025-03-19,0,True,True,True,트럭,259
ORD-5145,2025-03-16,CUS-SSE,삼성SDI,천안,FG-INV-01,인버터 (Inverter),205,205,100.0,2025-03-21,2025-03-19,2025-03-19,0,True,True,True,트럭,304
ORD-5146,2025-03-16,CUS-KIA,기아자동차,광주,FG-BAT-01,배터리 팩 (Battery Pack),201,201,100.0,2025-03-24,2025-03-22,2025-03-23,1,True,True,True,트럭,141
ORD-5147,2025-03-16,CUS-KIA,기아자동차,광주,FG-CHG-01,충전기 (EV Charger),466,466,100.0,2025-03-26,2025-03-24,2025-03-24,0,True,True,True,트럭,371
ORD-5148,2025-03-16,CUS-HMC,현대자동차,울산,FG-CHG-01,충전기 (EV Charger),437,437,100.0,2025-03-18,2025-03-16,2025-03-16,0,True,True,True,트럭,363
ORD-5149,2025-03-16,CUS-LGE,LG에너지솔루션,오창,FG-INV-01,인버터 (Inverter),152,152,100.0,2025-03-25,2025-03-24,2025-03-27,3,False,True,False,트럭,102
ORD-5150,2025-03-16,CUS-EXP,수출(유럽),부산항,FG-INV-01,인버터 (Inverter),162,162,100.0,2025-03-24,2025-03-23,2025-03-23,0,True,True,True,컨테이너 트럭,303
ORD-5151,2025-03-16,CUS-SKI,SK이노베이션,서산,FG-BAT-01,배터리 팩 (Battery Pack),165,165,100.0,2025-03-26,2025-03-25,2025-03-25,0,True,True,True,트럭,146
ORD-5152,2025-03-16,CUS-EXP,수출(유럽),부산항,FG-BAT-01,배터리 팩 (Battery Pack),176,176,100.0,2025-03-22,2025-03-21,2025-03-21,0,True,True,True,컨테이너 트럭,330
ORD-5153,2025-03-17,CUS-SSE,삼성SDI,천안,FG-BAT-01,배터리 팩 (Battery Pack),346,346,100.0,2025-03-26,2025-03-25,2025-03-25,0,True,True,True,트럭,143
ORD-5154,2025-03-17,CUS-SSE,삼성SDI,천안,FG-MTR-01,전기모터 (Electric Motor),486,486,100.0,2025-03-20,2025-03-18,2025-03-18,0,True,True,True,트럭,245
ORD-5155,2025-03-17,CUS-EXP,수출(유럽),부산항,FG-BAT-01,배터리 팩 (Battery Pack),358,358,100.0,2025-03-27,2025-03-25,2025-03-26,1,True,True,True,컨테이너 트럭,266
ORD-5156,2025-03-17,CUS-EXA,수출(북미),부산항,FG-BAT-01,배터리 팩 (Battery Pack),432,432,100.0,2025-03-27,2025-03-26,2025-03-26,0,True,True,True,컨테이너 트럭,292
ORD-5157,2025-03-17,CUS-LGE,LG에너지솔루션,오창,FG-INV-01,인버터 (Inverter),235,235,100.0,2025-03-24,2025-03-22,2025-03-22,0,True,True,True,트럭,289
ORD-5158,2025-03-17,CUS-HMC,현대자동차,울산,FG-CHG-01,충전기 (EV Charger),391,391,100.0,2025-03-22,2025-03-20,2025-03-20,0,True,True,True,트럭,200
ORD-5159,2025-03-18,CUS-SKI,SK이노베이션,서산,FG-CHG-01,충전기 (EV Charger),79,79,100.0,2025-03-23,2025-03-22,2025-03-22,0,True,True,True,트럭,300
ORD-5160,2025-03-18,CUS-EXP,수출(유럽),부산항,FG-MTR-01,전기모터 (Electric Motor),287,287,100.0,2025-03-27,2025-03-26,2025-03-26,0,True,True,True,컨테이너 트럭,286
ORD-5161,2025-03-18,CUS-KIA,기아자동차,광주,FG-MTR-01,전기모터 (Electric Motor),340,340,100.0,2025-03-25,2025-03-23,2025-03-23,0,True,True,True,트럭,113
ORD-5162,2025-03-18,CUS-KIA,기아자동차,광주,FG-INV-01,인버터 (Inverter),387,387,100.0,2025-03-20,2025-03-18,2025-03-18,0,True,True,True,트럭,214
ORD-5163,2025-03-18,CUS-EXP,수출(유럽),부산항,FG-BAT-01,배터리 팩 (Battery Pack),198,198,100.0,2025-03-22,2025-03-21,2025-03-22,1,True,True,True,컨테이너 트럭,279
ORD-5164,2025-03-18,CUS-HMC,현대자동차,울산,FG-INV-01,인버터 (Inverter),403,403,100.0,2025-03-22,2025-03-20,2025-03-20,0,True,True,True,트럭,298
ORD-5165,2025-03-19,CUS-EXP,수출(유럽),부산항,FG-INV-01,인버터 (Inverter),186,186,100.0,2025-03-24,2025-03-23,2025-03-23,0,True,True,True,컨테이너 트럭,319
ORD-5166,2025-03-19,CUS-SSE,삼성SDI,천안,FG-BAT-01,배터리 팩 (Battery Pack),199,199,100.0,2025-03-22,2025-03-20,2025-03-20,0,True,True,True,트럭,283
ORD-5167,2025-03-19,CUS-SKI,SK이노베이션,서산,FG-CHG-01,충전기 (EV Charger),284,284,100.0,2025-03-23,2025-03-21,2025-03-21,0,True,True,True,트럭,382
ORD-5168,2025-03-19,CUS-EXP,수출(유럽),부산항,FG-CHG-01,충전기 (EV Charger),209,209,100.0,2025-03-22,2025-03-20,2025-03-20,0,True,True,True,컨테이너 트럭,298
ORD-5169,2025-03-19,CUS-HMC,현대자동차,울산,FG-CHG-01,충전기 (EV Charger),246,246,100.0,2025-03-27,2025-03-25,2025-03-25,0,True,True,True,트럭,356
ORD-5170,2025-03-20,CUS-LGE,LG에너지솔루션,오창,FG-CHG-01,충전기 (EV Charger),320,320,100.0,2025-03-30,2025-03-29,2025-03-29,0,True,True,True,트럭,173
ORD-5171,2025-03-20,CUS-EXA,수출(북미),부산항,FG-BAT-01,배터리 팩 (Battery Pack),464,464,100.0,2025-03-29,2025-03-28,2025-03-30,2,False,True,False,컨테이너 트럭,341
ORD-5172,2025-03-20,CUS-HMC,현대자동차,울산,FG-BAT-01,배터리 팩 (Battery Pack),32,32,100.0,2025-03-24,2025-03-22,2025-03-22,0,True,True,True,트럭,369
ORD-5173,2025-03-20,CUS-EXA,수출(북미),부산항,FG-INV-01,인버터 (Inverter),168,168,100.0,2025-03-23,2025-03-22,2025-03-22,0,True,True,True,컨테이너 트럭,317
ORD-5174,2025-03-20,CUS-SSE,삼성SDI,천안,FG-BAT-01,배터리 팩 (Battery Pack),203,203,100.0,2025-03-28,2025-03-27,2025-03-27,0,True,True,True,트럭,203
ORD-5175,2025-03-20,CUS-SSE,삼성SDI,천안,FG-INV-01,인버터 (Inverter),111,111,100.0,2025-03-29,2025-03-28,2025-03-28,0,True,True,True,트럭,282
ORD-5176,2025-03-20,CUS-EXP,수출(유럽),부산항,FG-BAT-01,배터리 팩 (Battery Pack),35,35,100.0,2025-03-28,2025-03-27,2025-03-27,0,True,True,True,컨테이너 트럭,278
ORD-5177,2025-03-21,CUS-EXA,수출(북미),부산항,FG-MTR-01,전기모터 (Electric Motor),284,284,100.0,2025-03-26,2025-03-24,2025-03-24,0,True,True,True,컨테이너 트럭,310
ORD-5178,2025-03-21,CUS-LGE,LG에너지솔루션,오창,FG-MTR-01,전기모터 (Electric Motor),464,464,100.0,2025-03-31,2025-03-30,2025-03-30,0,True,True,True,트럭,341
ORD-5179,2025-03-21,CUS-KIA,기아자동차,광주,FG-MTR-01,전기모터 (Electric Motor),101,101,100.0,2025-03-23,2025-03-22,2025-03-22,0,True,True,True,트럭,131
ORD-5180,2025-03-21,CUS-SSE,삼성SDI,천안,FG-MTR-01,전기모터 (Electric Motor),498,498,100.0,2025-03-23,2025-03-22,2025-03-23,1,True,True,True,트럭,224
ORD-5181,2025-03-21,CUS-EXP,수출(유럽),부산항,FG-BAT-01,배터리 팩 (Battery Pack),162,162,100.0,2025-03-24,2025-03-23,2025-03-23,0,True,True,True,컨테이너 트럭,255
ORD-5182,2025-03-22,CUS-SKI,SK이노베이션,서산,FG-BAT-01,배터리 팩 (Battery Pack),127,127,100.0,2025-03-28,2025-03-27,2025-03-27,0,True,True,True,트럭,240
ORD-5183,2025-03-22,CUS-EXP,수출(유럽),부산항,FG-CHG-01,충전기 (EV Charger),237,237,100.0,2025-03-24,2025-03-23,2025-03-23,0,True,True,True,컨테이너 트럭,333
ORD-5184,2025-03-22,CUS-SKI,SK이노베이션,서산,FG-CHG-01,충전기 (EV Charger),17,17,100.0,2025-03-31,2025-03-30,2025-03-30,0,True,True,True,트럭,158
ORD-5185,2025-03-22,CUS-EXP,수출(유럽),부산항,FG-CHG-01,충전기 (EV Charger),211,211,100.0,2025-03-25,2025-03-23,2025-03-23,0,True,True,True,컨테이너 트럭,282
ORD-5186,2025-03-22,CUS-SKI,SK이노베이션,서산,FG-MTR-01,전기모터 (Electric Motor),86,86,100.0,2025-04-01,2025-03-30,2025-03-30,0,True,True,True,트럭,194
ORD-5187,2025-03-22,CUS-EXA,수출(북미),부산항,FG-BAT-01,배터리 팩 (Battery Pack),103,92,89.2,2025-03-26,2025-03-24,2025-03-24,0,True,False,False,컨테이너 트럭,292
ORD-5188,2025-03-23,CUS-HMC,현대자동차,울산,FG-BAT-01,배터리 팩 (Battery Pack),66,66,100.0,2025-03-31,2025-03-29,2025-03-29,0,True,True,True,트럭,305
ORD-5189,2025-03-23,CUS-KIA,기아자동차,광주,FG-MTR-01,전기모터 (Electric Motor),372,372,100.0,2025-03-30,2025-03-28,2025-03-28,0,True,True,True,트럭,102
ORD-5190,2025-03-23,CUS-SSE,삼성SDI,천안,FG-MTR-01,전기모터 (Electric Motor),258,258,100.0,2025-03-29,2025-03-27,2025-03-27,0,True,True,True,트럭,167
ORD-5191,2025-03-24,CUS-SKI,SK이노베이션,서산,FG-INV-01,인버터 (Inverter),355,355,100.0,2025-04-02,2025-04-01,2025-04-01,0,True,True,True,트럭,325
ORD-5192,2025-03-24,CUS-SSE,삼성SDI,천안,FG-MTR-01,전기모터 (Electric Motor),202,202,100.0,2025-03-29,2025-03-27,2025-03-27,0,True,True,True,트럭,249
ORD-5193,2025-03-24,CUS-KIA,기아자동차,광주,FG-INV-01,인버터 (Inverter),464,464,100.0,2025-03-29,2025-03-27,2025-03-27,0,True,True,True,트럭,393
ORD-5194,2025-03-25,CUS-EXA,수출(북미),부산항,FG-INV-01,인버터 (Inverter),262,262,100.0,2025-04-04,2025-04-02,2025-04-02,0,True,True,True,컨테이너 트럭,252
ORD-5195,2025-03-25,CUS-SSE,삼성SDI,천안,FG-INV-01,인버터 (Inverter),207,207,100.0,2025-03-29,2025-03-27,2025-03-27,0,True,True,True,트럭,195
ORD-5196,2025-03-25,CUS-LGE,LG에너지솔루션,오창,FG-MTR-01,전기모터 (Electric Motor),431,431,100.0,2025-04-04,2025-04-02,2025-04-02,0,True,True,True,트럭,161
ORD-5197,2025-03-26,CUS-HMC,현대자동차,울산,FG-CHG-01,충전기 (EV Charger),11,11,100.0,2025-04-04,2025-04-02,2025-04-02,0,True,True,True,트럭,173
ORD-5198,2025-03-26,CUS-KIA,기아자동차,광주,FG-BAT-01,배터리 팩 (Battery Pack),404,404,100.0,2025-03-28,2025-03-26,2025-03-26,0,True,True,True,트럭,292
ORD-5199,2025-03-26,CUS-LGE,LG에너지솔루션,오창,FG-BAT-01,배터리 팩 (Battery Pack),480,480,100.0,2025-04-01,2025-03-30,2025-04-02,3,False,True,False,트럭,208
ORD-5200,2025-03-26,CUS-EXP,수출(유럽),부산항,FG-MTR-01,전기모터 (Electric Motor),362,329,90.8,2025-04-04,2025-04-02,2025-04-02,0,True,False,False,컨테이너 트럭,304
ORD-5201,2025-03-26,CUS-SKI,SK이노베이션,서산,FG-CHG-01,충전기 (EV Charger),289,289,100.0,2025-04-04,2025-04-02,2025-04-02,0,True,True,True,트럭,317
ORD-5202,2025-03-26,CUS-HMC,현대자동차,울산,FG-BAT-01,배터리 팩 (Battery Pack),84,84,100.0,2025-03-30,2025-03-29,2025-03-29,0,True,True,True,트럭,265
ORD-5203,2025-03-27,CUS-EXA,수출(북미),부산항,FG-MTR-01,전기모터 (Electric Motor),421,421,100.0,2025-03-31,2025-03-29,2025-03-29,0,True,True,True,컨테이너 트럭,325
ORD-5204,2025-03-27,CUS-EXA,수출(북미),부산항,FG-MTR-01,전기모터 (Electric Motor),359,359,100.0,2025-03-31,2025-03-30,2025-03-30,0,True,True,True,컨테이너 트럭,251
ORD-5205,2025-03-27,CUS-HMC,현대자동차,울산,FG-MTR-01,전기모터 (Electric Motor),385,385,100.0,2025-04-04,2025-04-03,2025-04-03,0,True,True,True,트럭,369
ORD-5206,2025-03-27,CUS-EXP,수출(유럽),부산항,FG-BAT-01,배터리 팩 (Battery Pack),138,138,100.0,2025-04-06,2025-04-04,2025-04-04,0,True,True,True,컨테이너 트럭,289
ORD-5207,2025-03-27,CUS-SKI,SK이노베이션,서산,FG-CHG-01,충전기 (EV Charger),402,402,100.0,2025-04-06,2025-04-04,2025-04-04,0,True,True,True,트럭,378
ORD-5208,2025-03-27,CUS-EXA,수출(북미),부산항,FG-BAT-01,배터리 팩 (Battery Pack),143,143,100.0,2025-03-31,2025-03-29,2025-03-29,0,True,True,True,컨테이너 트럭,318
ORD-5209,2025-03-27,CUS-HMC,현대자동차,울산,FG-INV-01,인버터 (Inverter),46,39,84.4,2025-04-04,2025-04-03,2025-04-03,0,True,False,False,트럭,293
ORD-5210,2025-03-27,CUS-EXP,수출(유럽),부산항,FG-CHG-01,충전기 (EV Charger),454,454,100.0,2025-03-29,2025-03-27,2025-03-27,0,True,True,True,컨테이너 트럭,331
ORD-5211,2025-03-28,CUS-HMC,현대자동차,울산,FG-MTR-01,전기모터 (Electric Motor),417,417,100.0,2025-04-06,2025-04-04,2025-04-04,0,True,True,True,트럭,332
ORD-5212,2025-03-28,CUS-SSE,삼성SDI,천안,FG-CHG-01,충전기 (EV Charger),203,203,100.0,2025-03-30,2025-03-28,2025-03-30,2,True,True,True,트럭,204
ORD-5213,2025-03-28,CUS-KIA,기아자동차,광주,FG-BAT-01,배터리 팩 (Battery Pack),51,51,100.0,2025-04-03,2025-04-02,2025-04-07,5,False,True,False,트럭,184
ORD-5214,2025-03-28,CUS-KIA,기아자동차,광주,FG-MTR-01,전기모터 (Electric Motor),329,329,100.0,2025-04-07,2025-04-06,2025-04-07,1,True,True,True,트럭,184
ORD-5215,2025-03-28,CUS-EXP,수출(유럽),부산항,FG-INV-01,인버터 (Inverter),171,171,100.0,2025-04-07,2025-04-05,2025-04-07,2,True,True,True,컨테이너 트럭,286
ORD-5216,2025-03-29,CUS-HMC,현대자동차,울산,FG-MTR-01,전기모터 (Electric Motor),358,358,100.0,2025-04-03,2025-04-01,2025-04-01,0,True,True,True,트럭,115
ORD-5217,2025-03-29,CUS-SKI,SK이노베이션,서산,FG-CHG-01,충전기 (EV Charger),205,205,100.0,2025-04-05,2025-04-03,2025-04-03,0,True,True,True,트럭,180
ORD-5218,2025-03-29,CUS-SKI,SK이노베이션,서산,FG-INV-01,인버터 (Inverter),347,347,100.0,2025-04-06,2025-04-04,2025-04-04,0,True,True,True,트럭,350
ORD-5219,2025-03-29,CUS-LGE,LG에너지솔루션,오창,FG-CHG-01,충전기 (EV Charger),326,326,100.0,2025-04-03,2025-04-01,2025-04-01,0,True,True,True,트럭,189
ORD-5220,2025-03-30,CUS-KIA,기아자동차,광주,FG-INV-01,인버터 (Inverter),326,326,100.0,2025-04-06,2025-04-04,2025-04-04,0,True,True,True,트럭,159
ORD-5221,2025-03-30,CUS-EXA,수출(북미),부산항,FG-BAT-01,배터리 팩 (Battery Pack),37,37,100.0,2025-04-07,2025-04-05,2025-04-05,0,True,True,True,컨테이너 트럭,347
ORD-5222,2025-03-30,CUS-SKI,SK이노베이션,서산,FG-MTR-01,전기모터 (Electric Motor),148,148,100.0,2025-04-03,2025-04-02,2025-04-02,0,True,True,True,트럭,89
ORD-5223,2025-03-31,CUS-SKI,SK이노베이션,서산,FG-INV-01,인버터 (Inverter),443,443,100.0,2025-04-06,2025-04-04,2025-04-05,1,True,True,True,트럭,209
ORD-5224,2025-03-31,CUS-SKI,SK이노베이션,서산,FG-BAT-01,배터리 팩 (Battery Pack),141,141,100.0,2025-04-05,2025-04-03,2025-04-03,0,True,True,True,트럭,294
ORD-5225,2025-03-31,CUS-LGE,LG에너지솔루션,오창,FG-MTR-01,전기모터 (Electric Motor),299,248,82.9,2025-04-07,2025-04-05,2025-04-05,0,True,False,False,트럭,283
ORD-5226,2025-03-31,CUS-HMC,현대자동차,울산,FG-BAT-01,배터리 팩 (Battery Pack),81,81,100.0,2025-04-03,2025-04-02,2025-04-02,0,True,True,True,트럭,125
ORD-5227,2025-03-31,CUS-SKI,SK이노베이션,서산,FG-MTR-01,전기모터 (Electric Motor),156,156,100.0,2025-04-07,2025-04-06,2025-04-06,0,True,True,True,트럭,356
ORD-5228,2025-03-31,CUS-KIA,기아자동차,광주,FG-BAT-01,배터리 팩 (Battery Pack),187,187,100.0,2025-04-03,2025-04-01,2025-04-01,0,True,True,True,트럭,238
ORD-5229,2025-03-31,CUS-KIA,기아자동차,광주,FG-INV-01,인버터 (Inverter),77,77,100.0,2025-04-07,2025-04-05,2025-04-05,0,True,True,True,트럭,224
ORD-5230,2025-04-01,CUS-SKI,SK이노베이션,서산,FG-INV-01,인버터 (Inverter),250,250,100.0,2025-04-08,2025-04-07,2025-04-07,0,True,True,True,트럭,232
ORD-5231,2025-04-01,CUS-SSE,삼성SDI,천안,FG-CHG-01,충전기 (EV Charger),208,208,100.0,2025-04-10,2025-04-08,2025-04-08,0,True,True,True,트럭,248
ORD-5232,2025-04-01,CUS-LGE,LG에너지솔루션,오창,FG-INV-01,인버터 (Inverter),56,56,100.0,2025-04-11,2025-04-09,2025-04-09,0,True,True,True,트럭,156
ORD-5233,2025-04-01,CUS-SSE,삼성SDI,천안,FG-BAT-01,배터리 팩 (Battery Pack),470,470,100.0,2025-04-07,2025-04-05,2025-04-05,0,True,True,True,트럭,376
ORD-5234,2025-04-01,CUS-KIA,기아자동차,광주,FG-MTR-01,전기모터 (Electric Motor),105,74,70.2,2025-04-08,2025-04-06,2025-04-06,0,True,False,False,트럭,211
ORD-5235,2025-04-02,CUS-EXP,수출(유럽),부산항,FG-MTR-01,전기모터 (Electric Motor),440,440,100.0,2025-04-09,2025-04-07,2025-04-07,0,True,True,True,컨테이너 트럭,315
ORD-5236,2025-04-02,CUS-SSE,삼성SDI,천안,FG-BAT-01,배터리 팩 (Battery Pack),178,178,100.0,2025-04-06,2025-04-05,2025-04-05,0,True,True,True,트럭,389
ORD-5237,2025-04-02,CUS-EXA,수출(북미),부산항,FG-MTR-01,전기모터 (Electric Motor),113,113,100.0,2025-04-05,2025-04-03,2025-04-03,0,True,True,True,컨테이너 트럭,321
ORD-5238,2025-04-02,CUS-LGE,LG에너지솔루션,오창,FG-CHG-01,충전기 (EV Charger),232,232,100.0,2025-04-06,2025-04-05,2025-04-05,0,True,True,True,트럭,307
ORD-5239,2025-04-02,CUS-HMC,현대자동차,울산,FG-MTR-01,전기모터 (Electric Motor),18,18,100.0,2025-04-08,2025-04-06,2025-04-06,0,True,True,True,트럭,370
ORD-5240,2025-04-03,CUS-EXA,수출(북미),부산항,FG-MTR-01,전기모터 (Electric Motor),212,212,100.0,2025-04-08,2025-04-06,2025-04-06,0,True,True,True,컨테이너 트럭,296
ORD-5241,2025-04-03,CUS-EXP,수출(유럽),부산항,FG-CHG-01,충전기 (EV Charger),57,57,100.0,2025-04-09,2025-04-07,2025-04-07,0,True,True,True,컨테이너 트럭,326
ORD-5242,2025-04-03,CUS-SKI,SK이노베이션,서산,FG-BAT-01,배터리 팩 (Battery Pack),13,13,100.0,2025-04-13,2025-04-12,2025-04-12,0,True,True,True,트럭,185
ORD-5243,2025-04-03,CUS-SKI,SK이노베이션,서산,FG-INV-01,인버터 (Inverter),485,485,100.0,2025-04-07,2025-04-05,2025-04-05,0,True,True,True,트럭,107
ORD-5244,2025-04-03,CUS-SKI,SK이노베이션,서산,FG-MTR-01,전기모터 (Electric Motor),275,275,100.0,2025-04-10,2025-04-09,2025-04-09,0,True,True,True,트럭,163
ORD-5245,2025-04-03,CUS-EXA,수출(북미),부산항,FG-CHG-01,충전기 (EV Charger),42,42,100.0,2025-04-05,2025-04-03,2025-04-04,1,True,True,True,컨테이너 트럭,265
ORD-5246,2025-04-03,CUS-KIA,기아자동차,광주,FG-BAT-01,배터리 팩 (Battery Pack),233,233,100.0,2025-04-12,2025-04-10,2025-04-13,3,False,True,False,트럭,138
ORD-5247,2025-04-04,CUS-HMC,현대자동차,울산,FG-INV-01,인버터 (Inverter),455,455,100.0,2025-04-06,2025-04-05,2025-04-05,0,True,True,True,트럭,94
ORD-5248,2025-04-04,CUS-KIA,기아자동차,광주,FG-INV-01,인버터 (Inverter),101,101,100.0,2025-04-12,2025-04-10,2025-04-10,0,True,True,True,트럭,278
ORD-5249,2025-04-04,CUS-EXA,수출(북미),부산항,FG-CHG-01,충전기 (EV Charger),243,243,100.0,2025-04-11,2025-04-09,2025-04-09,0,True,True,True,컨테이너 트럭,324
ORD-5250,2025-04-04,CUS-SKI,SK이노베이션,서산,FG-INV-01,인버터 (Inverter),199,149,74.9,2025-04-14,2025-04-12,2025-04-12,0,True,False,False,트럭,99
ORD-5251,2025-04-04,CUS-HMC,현대자동차,울산,FG-CHG-01,충전기 (EV Charger),290,290,100.0,2025-04-14,2025-04-12,2025-04-12,0,True,True,True,트럭,140
ORD-5252,2025-04-04,CUS-HMC,현대자동차,울산,FG-CHG-01,충전기 (EV Charger),281,281,100.0,2025-04-11,2025-04-09,2025-04-09,0,True,True,True,트럭,272
ORD-5253,2025-04-04,CUS-EXP,수출(유럽),부산항,FG-INV-01,인버터 (Inverter),111,111,100.0,2025-04-11,2025-04-09,2025-04-09,0,True,True,True,컨테이너 트럭,331
ORD-5254,2025-04-05,CUS-KIA,기아자동차,광주,FG-BAT-01,배터리 팩 (Battery Pack),496,496,100.0,2025-04-07,2025-04-06,2025-04-06,0,True,True,True,트럭,212
ORD-5255,2025-04-05,CUS-EXA,수출(북미),부산항,FG-INV-01,인버터 (Inverter),66,66,100.0,2025-04-14,2025-04-13,2025-04-13,0,True,True,True,컨테이너 트럭,325
ORD-5256,2025-04-05,CUS-EXP,수출(유럽),부산항,FG-CHG-01,충전기 (EV Charger),430,430,100.0,2025-04-09,2025-04-08,2025-04-08,0,True,True,True,컨테이너 트럭,251
ORD-5257,2025-04-05,CUS-EXA,수출(북미),부산항,FG-INV-01,인버터 (Inverter),260,205,78.9,2025-04-11,2025-04-09,2025-04-09,0,True,False,False,컨테이너 트럭,301
ORD-5258,2025-04-05,CUS-HMC,현대자동차,울산,FG-MTR-01,전기모터 (Electric Motor),109,109,100.0,2025-04-07,2025-04-05,2025-04-05,0,True,True,True,트럭,247
ORD-5259,2025-04-06,CUS-EXA,수출(북미),부산항,FG-INV-01,인버터 (Inverter),309,309,100.0,2025-04-11,2025-04-10,2025-04-11,1,True,True,True,컨테이너 트럭,349
ORD-5260,2025-04-06,CUS-LGE,LG에너지솔루션,오창,FG-MTR-01,전기모터 (Electric Motor),498,498,100.0,2025-04-09,2025-04-07,2025-04-07,0,True,True,True,트럭,104
ORD-5261,2025-04-06,CUS-LGE,LG에너지솔루션,오창,FG-BAT-01,배터리 팩 (Battery Pack),290,253,87.2,2025-04-16,2025-04-14,2025-04-14,0,True,False,False,트럭,256
ORD-5262,2025-04-06,CUS-EXP,수출(유럽),부산항,FG-BAT-01,배터리 팩 (Battery Pack),218,218,100.0,2025-04-16,2025-04-15,2025-04-15,0,True,True,True,컨테이너 트럭,348
ORD-5263,2025-04-06,CUS-SSE,삼성SDI,천안,FG-INV-01,인버터 (Inverter),18,18,100.0,2025-04-13,2025-04-11,2025-04-14,3,False,True,False,트럭,336
ORD-5264,2025-04-06,CUS-KIA,기아자동차,광주,FG-MTR-01,전기모터 (Electric Motor),354,292,82.4,2025-04-15,2025-04-14,2025-04-14,0,True,False,False,트럭,362
ORD-5265,2025-04-06,CUS-KIA,기아자동차,광주,FG-INV-01,인버터 (Inverter),224,224,100.0,2025-04-08,2025-04-06,2025-04-06,0,True,True,True,트럭,172
ORD-5266,2025-04-07,CUS-LGE,LG에너지솔루션,오창,FG-CHG-01,충전기 (EV Charger),72,55,76.4,2025-04-09,2025-04-08,2025-04-08,0,True,False,False,트럭,286
ORD-5267,2025-04-07,CUS-SKI,SK이노베이션,서산,FG-CHG-01,충전기 (EV Charger),203,203,100.0,2025-04-11,2025-04-09,2025-04-09,0,True,True,True,트럭,293
ORD-5268,2025-04-07,CUS-EXA,수출(북미),부산항,FG-MTR-01,전기모터 (Electric Motor),306,306,100.0,2025-04-17,2025-04-15,2025-04-15,0,True,True,True,컨테이너 트럭,344
ORD-5269,2025-04-08,CUS-KIA,기아자동차,광주,FG-INV-01,인버터 (Inverter),238,238,100.0,2025-04-11,2025-04-10,2025-04-10,0,True,True,True,트럭,183
ORD-5270,2025-04-08,CUS-LGE,LG에너지솔루션,오창,FG-BAT-01,배터리 팩 (Battery Pack),471,471,100.0,2025-04-16,2025-04-14,2025-04-14,0,True,True,True,트럭,214
ORD-5271,2025-04-08,CUS-KIA,기아자동차,광주,FG-BAT-01,배터리 팩 (Battery Pack),275,275,100.0,2025-04-16,2025-04-14,2025-04-14,0,True,True,True,트럭,321
ORD-5272,2025-04-08,CUS-SSE,삼성SDI,천안,FG-INV-01,인버터 (Inverter),222,222,100.0,2025-04-13,2025-04-12,2025-04-12,0,True,True,True,트럭,310
ORD-5273,2025-04-08,CUS-KIA,기아자동차,광주,FG-BAT-01,배터리 팩 (Battery Pack),101,101,100.0,2025-04-16,2025-04-15,2025-04-15,0,True,True,True,트럭,297
ORD-5274,2025-04-08,CUS-EXP,수출(유럽),부산항,FG-BAT-01,배터리 팩 (Battery Pack),25,25,100.0,2025-04-15,2025-04-14,2025-04-14,0,True,True,True,컨테이너 트럭,331
ORD-5275,2025-04-09,CUS-KIA,기아자동차,광주,FG-CHG-01,충전기 (EV Charger),335,335,100.0,2025-04-17,2025-04-16,2025-04-16,0,True,True,True,트럭,392
ORD-5276,2025-04-09,CUS-SKI,SK이노베이션,서산,FG-BAT-01,배터리 팩 (Battery Pack),296,296,100.0,2025-04-17,2025-04-16,2025-04-19,3,False,True,False,트럭,399
ORD-5277,2025-04-09,CUS-EXA,수출(북미),부산항,FG-CHG-01,충전기 (EV Charger),299,299,100.0,2025-04-19,2025-04-18,2025-04-18,0,True,True,True,컨테이너 트럭,334
ORD-5278,2025-04-09,CUS-HMC,현대자동차,울산,FG-CHG-01,충전기 (EV Charger),445,445,100.0,2025-04-13,2025-04-12,2025-04-12,0,True,True,True,트럭,271
ORD-5279,2025-04-10,CUS-SSE,삼성SDI,천안,FG-INV-01,인버터 (Inverter),391,391,100.0,2025-04-17,2025-04-15,2025-04-15,0,True,True,True,트럭,105
ORD-5280,2025-04-10,CUS-KIA,기아자동차,광주,FG-CHG-01,충전기 (EV Charger),134,123,91.5,2025-04-18,2025-04-17,2025-04-17,0,True,False,False,트럭,277
ORD-5281,2025-04-10,CUS-EXP,수출(유럽),부산항,FG-CHG-01,충전기 (EV Charger),195,195,100.0,2025-04-19,2025-04-18,2025-04-18,0,True,True,True,컨테이너 트럭,268
ORD-5282,2025-04-10,CUS-SKI,SK이노베이션,서산,FG-INV-01,인버터 (Inverter),131,131,100.0,2025-04-14,2025-04-12,2025-04-12,0,True,True,True,트럭,161
ORD-5283,2025-04-10,CUS-LGE,LG에너지솔루션,오창,FG-CHG-01,충전기 (EV Charger),499,499,100.0,2025-04-12,2025-04-10,2025-04-10,0,True,True,True,트럭,275
ORD-5284,2025-04-10,CUS-KIA,기아자동차,광주,FG-BAT-01,배터리 팩 (Battery Pack),488,488,100.0,2025-04-14,2025-04-13,2025-04-13,0,True,True,True,트럭,277
ORD-5285,2025-04-10,CUS-KIA,기아자동차,광주,FG-CHG-01,충전기 (EV Charger),108,108,100.0,2025-04-20,2025-04-18,2025-04-18,0,True,True,True,트럭,275
ORD-5286,2025-04-10,CUS-HMC,현대자동차,울산,FG-BAT-01,배터리 팩 (Battery Pack),316,316,100.0,2025-04-19,2025-04-17,2025-04-17,0,True,True,True,트럭,217
ORD-5287,2025-04-11,CUS-EXP,수출(유럽),부산항,FG-BAT-01,배터리 팩 (Battery Pack),178,178,100.0,2025-04-15,2025-04-13,2025-04-13,0,True,True,True,컨테이너 트럭,332
ORD-5288,2025-04-11,CUS-EXA,수출(북미),부산항,FG-CHG-01,충전기 (EV Charger),259,259,100.0,2025-04-19,2025-04-17,2025-04-17,0,True,True,True,컨테이너 트럭,289
ORD-5289,2025-04-11,CUS-EXP,수출(유럽),부산항,FG-MTR-01,전기모터 (Electric Motor),178,178,100.0,2025-04-16,2025-04-15,2025-04-15,0,True,True,True,컨테이너 트럭,320
ORD-5290,2025-04-11,CUS-SSE,삼성SDI,천안,FG-INV-01,인버터 (Inverter),258,258,100.0,2025-04-18,2025-04-16,2025-04-16,0,True,True,True,트럭,339
ORD-5291,2025-04-11,CUS-HMC,현대자동차,울산,FG-MTR-01,전기모터 (Electric Motor),283,283,100.0,2025-04-13,2025-04-12,2025-04-12,0,True,True,True,트럭,266
ORD-5292,2025-04-11,CUS-EXA,수출(북미),부산항,FG-CHG-01,충전기 (EV Charger),69,69,100.0,2025-04-21,2025-04-20,2025-04-20,0,True,True,True,컨테이너 트럭,338
ORD-5293,2025-04-11,CUS-EXA,수출(북미),부산항,FG-MTR-01,전기모터 (Electric Motor),33,33,100.0,2025-04-19,2025-04-17,2025-04-17,0,True,True,True,컨테이너 트럭,343
ORD-5294,2025-04-11,CUS-SSE,삼성SDI,천안,FG-INV-01,인버터 (Inverter),456,456,100.0,2025-04-13,2025-04-11,2025-04-11,0,True,True,True,트럭,314
ORD-5295,2025-04-12,CUS-EXP,수출(유럽),부산항,FG-MTR-01,전기모터 (Electric Motor),404,404,100.0,2025-04-14,2025-04-12,2025-04-12,0,True,True,True,컨테이너 트럭,270
ORD-5296,2025-04-12,CUS-SKI,SK이노베이션,서산,FG-BAT-01,배터리 팩 (Battery Pack),148,133,90.1,2025-04-19,2025-04-18,2025-04-18,0,True,False,False,트럭,372
ORD-5297,2025-04-12,CUS-EXA,수출(북미),부산항,FG-INV-01,인버터 (Inverter),379,379,100.0,2025-04-17,2025-04-15,2025-04-15,0,True,True,True,컨테이너 트럭,307
ORD-5298,2025-04-12,CUS-LGE,LG에너지솔루션,오창,FG-CHG-01,충전기 (EV Charger),235,235,100.0,2025-04-20,2025-04-18,2025-04-18,0,True,True,True,트럭,139
ORD-5299,2025-04-13,CUS-HMC,현대자동차,울산,FG-BAT-01,배터리 팩 (Battery Pack),248,248,100.0,2025-04-15,2025-04-13,2025-04-14,1,True,True,True,트럭,376
ORD-5300,2025-04-13,CUS-EXP,수출(유럽),부산항,FG-BAT-01,배터리 팩 (Battery Pack),442,442,100.0,2025-04-22,2025-04-21,2025-04-21,0,True,True,True,컨테이너 트럭,318
ORD-5301,2025-04-13,CUS-EXP,수출(유럽),부산항,FG-BAT-01,배터리 팩 (Battery Pack),458,458,100.0,2025-04-23,2025-04-22,2025-04-22,0,True,True,True,컨테이너 트럭,298
ORD-5302,2025-04-13,CUS-SSE,삼성SDI,천안,FG-CHG-01,충전기 (EV Charger),422,422,100.0,2025-04-16,2025-04-14,2025-04-14,0,True,True,True,트럭,140
ORD-5303,2025-04-13,CUS-HMC,현대자동차,울산,FG-BAT-01,배터리 팩 (Battery Pack),341,341,100.0,2025-04-18,2025-04-16,2025-04-16,0,True,True,True,트럭,257
ORD-5304,2025-04-13,CUS-SKI,SK이노베이션,서산,FG-MTR-01,전기모터 (Electric Motor),179,155,86.7,2025-04-15,2025-04-13,2025-04-13,0,True,False,False,트럭,271
ORD-5305,2025-04-13,CUS-EXP,수출(유럽),부산항,FG-CHG-01,충전기 (EV Charger),103,103,100.0,2025-04-16,2025-04-15,2025-04-15,0,True,True,True,컨테이너 트럭,325
ORD-5306,2025-04-14,CUS-EXP,수출(유럽),부산항,FG-BAT-01,배터리 팩 (Battery Pack),485,485,100.0,2025-04-18,2025-04-17,2025-04-17,0,True,True,True,컨테이너 트럭,280
ORD-5307,2025-04-14,CUS-SSE,삼성SDI,천안,FG-CHG-01,충전기 (EV Charger),311,311,100.0,2025-04-24,2025-04-23,2025-04-23,0,True,True,True,트럭,125
ORD-5308,2025-04-14,CUS-SKI,SK이노베이션,서산,FG-MTR-01,전기모터 (Electric Motor),89,89,100.0,2025-04-22,2025-04-20,2025-04-20,0,True,True,True,트럭,238
ORD-5309,2025-04-15,CUS-LGE,LG에너지솔루션,오창,FG-CHG-01,충전기 (EV Charger),447,447,100.0,2025-04-22,2025-04-21,2025-04-21,0,True,True,True,트럭,306
ORD-5310,2025-04-15,CUS-HMC,현대자동차,울산,FG-MTR-01,전기모터 (Electric Motor),415,415,100.0,2025-04-21,2025-04-20,2025-04-20,0,True,True,True,트럭,381
ORD-5311,2025-04-15,CUS-HMC,현대자동차,울산,FG-INV-01,인버터 (Inverter),141,141,100.0,2025-04-21,2025-04-19,2025-04-21,2,True,True,True,트럭,233
ORD-5312,2025-04-15,CUS-EXP,수출(유럽),부산항,FG-INV-01,인버터 (Inverter),67,67,100.0,2025-04-24,2025-04-22,2025-04-22,0,True,True,True,컨테이너 트럭,286
ORD-5313,2025-04-15,CUS-KIA,기아자동차,광주,FG-BAT-01,배터리 팩 (Battery Pack),177,177,100.0,2025-04-22,2025-04-21,2025-04-21,0,True,True,True,트럭,268
ORD-5314,2025-04-16,CUS-KIA,기아자동차,광주,FG-MTR-01,전기모터 (Electric Motor),373,373,100.0,2025-04-25,2025-04-24,2025-04-24,0,True,True,True,트럭,274
ORD-5315,2025-04-16,CUS-EXP,수출(유럽),부산항,FG-CHG-01,충전기 (EV Charger),150,150,100.0,2025-04-20,2025-04-19,2025-04-20,1,True,True,True,컨테이너 트럭,331
ORD-5316,2025-04-16,CUS-SKI,SK이노베이션,서산,FG-INV-01,인버터 (Inverter),267,267,100.0,2025-04-19,2025-04-17,2025-04-17,0,True,True,True,트럭,159
ORD-5317,2025-04-16,CUS-SSE,삼성SDI,천안,FG-BAT-01,배터리 팩 (Battery Pack),263,263,100.0,2025-04-24,2025-04-22,2025-04-23,1,True,True,True,트럭,285
ORD-5318,2025-04-16,CUS-LGE,LG에너지솔루션,오창,FG-BAT-01,배터리 팩 (Battery Pack),116,116,100.0,2025-04-20,2025-04-19,2025-04-19,0,True,True,True,트럭,384
ORD-5319,2025-04-17,CUS-KIA,기아자동차,광주,FG-BAT-01,배터리 팩 (Battery Pack),104,104,100.0,2025-04-25,2025-04-23,2025-04-23,0,True,True,True,트럭,138
ORD-5320,2025-04-17,CUS-LGE,LG에너지솔루션,오창,FG-INV-01,인버터 (Inverter),323,323,100.0,2025-04-26,2025-04-25,2025-04-26,1,True,True,True,트럭,124
ORD-5321,2025-04-17,CUS-LGE,LG에너지솔루션,오창,FG-BAT-01,배터리 팩 (Battery Pack),30,30,100.0,2025-04-21,2025-04-20,2025-04-20,0,True,True,True,트럭,146
ORD-5322,2025-04-18,CUS-HMC,현대자동차,울산,FG-CHG-01,충전기 (EV Charger),169,169,100.0,2025-04-27,2025-04-26,2025-04-26,0,True,True,True,트럭,195
ORD-5323,2025-04-18,CUS-SSE,삼성SDI,천안,FG-BAT-01,배터리 팩 (Battery Pack),269,269,100.0,2025-04-20,2025-04-18,2025-04-18,0,True,True,True,트럭,263
ORD-5324,2025-04-18,CUS-EXA,수출(북미),부산항,FG-MTR-01,전기모터 (Electric Motor),138,138,100.0,2025-04-22,2025-04-20,2025-04-20,0,True,True,True,컨테이너 트럭,250
ORD-5325,2025-04-18,CUS-SSE,삼성SDI,천안,FG-INV-01,인버터 (Inverter),302,302,100.0,2025-04-22,2025-04-21,2025-04-22,1,True,True,True,트럭,320
ORD-5326,2025-04-18,CUS-EXP,수출(유럽),부산항,FG-MTR-01,전기모터 (Electric Motor),228,228,100.0,2025-04-20,2025-04-18,2025-04-18,0,True,True,True,컨테이너 트럭,272
ORD-5327,2025-04-18,CUS-LGE,LG에너지솔루션,오창,FG-BAT-01,배터리 팩 (Battery Pack),238,238,100.0,2025-04-24,2025-04-22,2025-04-22,0,True,True,True,트럭,167
ORD-5328,2025-04-18,CUS-SSE,삼성SDI,천안,FG-BAT-01,배터리 팩 (Battery Pack),38,38,100.0,2025-04-26,2025-04-24,2025-04-24,0,True,True,True,트럭,226
ORD-5329,2025-04-19,CUS-HMC,현대자동차,울산,FG-MTR-01,전기모터 (Electric Motor),343,343,100.0,2025-04-21,2025-04-20,2025-04-23,3,False,True,False,트럭,134
ORD-5330,2025-04-19,CUS-SSE,삼성SDI,천안,FG-MTR-01,전기모터 (Electric Motor),432,396,91.8,2025-04-21,2025-04-20,2025-04-20,0,True,False,False,트럭,191
ORD-5331,2025-04-19,CUS-EXP,수출(유럽),부산항,FG-BAT-01,배터리 팩 (Battery Pack),214,155,72.4,2025-04-24,2025-04-22,2025-04-24,2,True,False,False,컨테이너 트럭,301
ORD-5332,2025-04-19,CUS-KIA,기아자동차,광주,FG-BAT-01,배터리 팩 (Battery Pack),421,421,100.0,2025-04-23,2025-04-22,2025-04-22,0,True,True,True,트럭,327
ORD-5333,2025-04-19,CUS-SKI,SK이노베이션,서산,FG-CHG-01,충전기 (EV Charger),76,76,100.0,2025-04-27,2025-04-25,2025-04-25,0,True,True,True,트럭,230
ORD-5334,2025-04-19,CUS-EXP,수출(유럽),부산항,FG-CHG-01,충전기 (EV Charger),411,411,100.0,2025-04-28,2025-04-27,2025-04-30,3,False,True,False,컨테이너 트럭,321
ORD-5335,2025-04-19,CUS-EXA,수출(북미),부산항,FG-CHG-01,충전기 (EV Charger),141,141,100.0,2025-04-22,2025-04-21,2025-04-22,1,True,True,True,컨테이너 트럭,275
ORD-5336,2025-04-19,CUS-HMC,현대자동차,울산,FG-CHG-01,충전기 (EV Charger),48,48,100.0,2025-04-26,2025-04-24,2025-04-24,0,True,True,True,트럭,355
ORD-5337,2025-04-20,CUS-SKI,SK이노베이션,서산,FG-INV-01,인버터 (Inverter),257,257,100.0,2025-04-28,2025-04-26,2025-04-26,0,True,True,True,트럭,91
ORD-5338,2025-04-20,CUS-HMC,현대자동차,울산,FG-MTR-01,전기모터 (Electric Motor),338,338,100.0,2025-04-24,2025-04-22,2025-04-22,0,True,True,True,트럭,258
ORD-5339,2025-04-20,CUS-KIA,기아자동차,광주,FG-MTR-01,전기모터 (Electric Motor),390,390,100.0,2025-04-24,2025-04-22,2025-04-22,0,True,True,True,트럭,220
ORD-5340,2025-04-20,CUS-KIA,기아자동차,광주,FG-INV-01,인버터 (Inverter),121,121,100.0,2025-04-26,2025-04-25,2025-04-25,0,True,True,True,트럭,164
ORD-5341,2025-04-20,CUS-EXA,수출(북미),부산항,FG-CHG-01,충전기 (EV Charger),477,477,100.0,2025-04-29,2025-04-27,2025-04-27,0,True,True,True,컨테이너 트럭,346
ORD-5342,2025-04-20,CUS-KIA,기아자동차,광주,FG-INV-01,인버터 (Inverter),247,247,100.0,2025-04-25,2025-04-23,2025-04-23,0,True,True,True,트럭,96
ORD-5343,2025-04-20,CUS-LGE,LG에너지솔루션,오창,FG-BAT-01,배터리 팩 (Battery Pack),495,495,100.0,2025-04-25,2025-04-23,2025-04-23,0,True,True,True,트럭,233
ORD-5344,2025-04-21,CUS-HMC,현대자동차,울산,FG-INV-01,인버터 (Inverter),430,430,100.0,2025-05-01,2025-04-30,2025-04-30,0,True,True,True,트럭,207
ORD-5345,2025-04-21,CUS-KIA,기아자동차,광주,FG-CHG-01,충전기 (EV Charger),481,481,100.0,2025-04-25,2025-04-24,2025-04-26,2,False,True,False,트럭,347
ORD-5346,2025-04-21,CUS-SSE,삼성SDI,천안,FG-CHG-01,충전기 (EV Charger),337,337,100.0,2025-05-01,2025-04-29,2025-04-29,0,True,True,True,트럭,195
ORD-5347,2025-04-21,CUS-LGE,LG에너지솔루션,오창,FG-CHG-01,충전기 (EV Charger),279,279,100.0,2025-04-23,2025-04-21,2025-04-21,0,True,True,True,트럭,147
ORD-5348,2025-04-21,CUS-SSE,삼성SDI,천안,FG-CHG-01,충전기 (EV Charger),134,134,100.0,2025-04-26,2025-04-25,2025-04-25,0,True,True,True,트럭,344
ORD-5349,2025-04-21,CUS-HMC,현대자동차,울산,FG-BAT-01,배터리 팩 (Battery Pack),292,292,100.0,2025-04-23,2025-04-21,2025-04-21,0,True,True,True,트럭,204
ORD-5350,2025-04-22,CUS-HMC,현대자동차,울산,FG-BAT-01,배터리 팩 (Battery Pack),213,213,100.0,2025-04-29,2025-04-28,2025-04-28,0,True,True,True,트럭,353
ORD-5351,2025-04-22,CUS-HMC,현대자동차,울산,FG-MTR-01,전기모터 (Electric Motor),330,313,94.9,2025-04-26,2025-04-24,2025-04-24,0,True,False,False,트럭,262
ORD-5352,2025-04-22,CUS-SSE,삼성SDI,천안,FG-MTR-01,전기모터 (Electric Motor),187,187,100.0,2025-04-28,2025-04-27,2025-04-27,0,True,True,True,트럭,310
ORD-5353,2025-04-22,CUS-EXA,수출(북미),부산항,FG-CHG-01,충전기 (EV Charger),47,47,100.0,2025-05-02,2025-05-01,2025-05-01,0,True,True,True,컨테이너 트럭,338
ORD-5354,2025-04-22,CUS-EXP,수출(유럽),부산항,FG-MTR-01,전기모터 (Electric Motor),409,409,100.0,2025-04-27,2025-04-26,2025-04-26,0,True,True,True,컨테이너 트럭,313
ORD-5355,2025-04-23,CUS-HMC,현대자동차,울산,FG-BAT-01,배터리 팩 (Battery Pack),337,337,100.0,2025-05-02,2025-05-01,2025-05-03,2,False,True,False,트럭,293
ORD-5356,2025-04-23,CUS-KIA,기아자동차,광주,FG-CHG-01,충전기 (EV Charger),402,402,100.0,2025-05-03,2025-05-01,2025-05-01,0,True,True,True,트럭,179
ORD-5357,2025-04-23,CUS-SKI,SK이노베이션,서산,FG-BAT-01,배터리 팩 (Battery Pack),65,65,100.0,2025-04-26,2025-04-24,2025-04-24,0,True,True,True,트럭,102
ORD-5358,2025-04-23,CUS-EXA,수출(북미),부산항,FG-MTR-01,전기모터 (Electric Motor),251,251,100.0,2025-05-01,2025-04-30,2025-05-01,1,True,True,True,컨테이너 트럭,347
ORD-5359,2025-04-23,CUS-EXA,수출(북미),부산항,FG-CHG-01,충전기 (EV Charger),238,238,100.0,2025-04-30,2025-04-28,2025-04-28,0,True,True,True,컨테이너 트럭,298
ORD-5360,2025-04-24,CUS-LGE,LG에너지솔루션,오창,FG-MTR-01,전기모터 (Electric Motor),489,489,100.0,2025-05-03,2025-05-01,2025-05-02,1,True,True,True,트럭,138
ORD-5361,2025-04-24,CUS-HMC,현대자동차,울산,FG-BAT-01,배터리 팩 (Battery Pack),277,277,100.0,2025-04-29,2025-04-28,2025-04-28,0,True,True,True,트럭,333
ORD-5362,2025-04-24,CUS-EXA,수출(북미),부산항,FG-INV-01,인버터 (Inverter),225,225,100.0,2025-04-30,2025-04-29,2025-04-29,0,True,True,True,컨테이너 트럭,338
ORD-5363,2025-04-25,CUS-SKI,SK이노베이션,서산,FG-MTR-01,전기모터 (Electric Motor),275,275,100.0,2025-05-01,2025-04-30,2025-04-30,0,True,True,True,트럭,126
ORD-5364,2025-04-25,CUS-EXP,수출(유럽),부산항,FG-CHG-01,충전기 (EV Charger),436,436,100.0,2025-04-28,2025-04-26,2025-04-26,0,True,True,True,컨테이너 트럭,346
ORD-5365,2025-04-25,CUS-SKI,SK이노베이션,서산,FG-BAT-01,배터리 팩 (Battery Pack),86,86,100.0,2025-04-27,2025-04-26,2025-04-26,0,True,True,True,트럭,307
ORD-5366,2025-04-25,CUS-SSE,삼성SDI,천안,FG-INV-01,인버터 (Inverter),241,241,100.0,2025-04-29,2025-04-28,2025-04-28,0,True,True,True,트럭,395
ORD-5367,2025-04-25,CUS-EXP,수출(유럽),부산항,FG-CHG-01,충전기 (EV Charger),458,458,100.0,2025-05-05,2025-05-04,2025-05-04,0,True,True,True,컨테이너 트럭,264
ORD-5368,2025-04-26,CUS-HMC,현대자동차,울산,FG-INV-01,인버터 (Inverter),124,124,100.0,2025-05-01,2025-04-30,2025-04-30,0,True,True,True,트럭,157
ORD-5369,2025-04-26,CUS-SSE,삼성SDI,천안,FG-INV-01,인버터 (Inverter),279,279,100.0,2025-05-05,2025-05-03,2025-05-03,0,True,True,True,트럭,133
ORD-5370,2025-04-26,CUS-LGE,LG에너지솔루션,오창,FG-MTR-01,전기모터 (Electric Motor),220,220,100.0,2025-05-06,2025-05-05,2025-05-05,0,True,True,True,트럭,381
ORD-5371,2025-04-27,CUS-KIA,기아자동차,광주,FG-CHG-01,충전기 (EV Charger),360,360,100.0,2025-05-03,2025-05-02,2025-05-02,0,True,True,True,트럭,268
ORD-5372,2025-04-27,CUS-SKI,SK이노베이션,서산,FG-INV-01,인버터 (Inverter),315,315,100.0,2025-05-01,2025-04-30,2025-05-02,2,False,True,False,트럭,119
ORD-5373,2025-04-27,CUS-EXP,수출(유럽),부산항,FG-CHG-01,충전기 (EV Charger),192,192,100.0,2025-04-29,2025-04-28,2025-04-28,0,True,True,True,컨테이너 트럭,335
ORD-5374,2025-04-27,CUS-LGE,LG에너지솔루션,오창,FG-INV-01,인버터 (Inverter),465,465,100.0,2025-05-07,2025-05-05,2025-05-05,0,True,True,True,트럭,324
ORD-5375,2025-04-27,CUS-SKI,SK이노베이션,서산,FG-MTR-01,전기모터 (Electric Motor),68,68,100.0,2025-05-01,2025-04-29,2025-04-29,0,True,True,True,트럭,379
ORD-5376,2025-04-27,CUS-SKI,SK이노베이션,서산,FG-CHG-01,충전기 (EV Charger),483,483,100.0,2025-05-06,2025-05-05,2025-05-05,0,True,True,True,트럭,360
ORD-5377,2025-04-27,CUS-LGE,LG에너지솔루션,오창,FG-CHG-01,충전기 (EV Charger),198,198,100.0,2025-04-30,2025-04-28,2025-04-28,0,True,True,True,트럭,216
ORD-5378,2025-04-27,CUS-LGE,LG에너지솔루션,오창,FG-BAT-01,배터리 팩 (Battery Pack),264,264,100.0,2025-05-04,2025-05-03,2025-05-03,0,True,True,True,트럭,97
ORD-5379,2025-04-28,CUS-KIA,기아자동차,광주,FG-CHG-01,충전기 (EV Charger),89,89,100.0,2025-05-07,2025-05-06,2025-05-06,0,True,True,True,트럭,136
ORD-5380,2025-04-28,CUS-EXA,수출(북미),부산항,FG-BAT-01,배터리 팩 (Battery Pack),443,443,100.0,2025-05-05,2025-05-04,2025-05-04,0,True,True,True,컨테이너 트럭,336
ORD-5381,2025-04-28,CUS-EXP,수출(유럽),부산항,FG-MTR-01,전기모터 (Electric Motor),38,38,100.0,2025-05-05,2025-05-04,2025-05-04,0,True,True,True,컨테이너 트럭,284
ORD-5382,2025-04-28,CUS-EXA,수출(북미),부산항,FG-MTR-01,전기모터 (Electric Motor),476,476,100.0,2025-05-04,2025-05-03,2025-05-03,0,True,True,True,컨테이너 트럭,259
ORD-5383,2025-04-28,CUS-KIA,기아자동차,광주,FG-MTR-01,전기모터 (Electric Motor),337,337,100.0,2025-05-03,2025-05-02,2025-05-02,0,True,True,True,트럭,86
ORD-5384,2025-04-28,CUS-EXP,수출(유럽),부산항,FG-INV-01,인버터 (Inverter),220,220,100.0,2025-05-05,2025-05-04,2025-05-06,2,False,True,False,컨테이너 트럭,309
ORD-5385,2025-04-28,CUS-HMC,현대자동차,울산,FG-CHG-01,충전기 (EV Charger),243,227,93.4,2025-05-02,2025-05-01,2025-05-01,0,True,False,False,트럭,392
ORD-5386,2025-04-28,CUS-LGE,LG에너지솔루션,오창,FG-INV-01,인버터 (Inverter),263,263,100.0,2025-04-30,2025-04-28,2025-04-28,0,True,True,True,트럭,313
ORD-5387,2025-04-29,CUS-EXA,수출(북미),부산항,FG-CHG-01,충전기 (EV Charger),334,334,100.0,2025-05-05,2025-05-04,2025-05-04,0,True,True,True,컨테이너 트럭,293
ORD-5388,2025-04-29,CUS-SSE,삼성SDI,천안,FG-INV-01,인버터 (Inverter),419,419,100.0,2025-05-09,2025-05-08,2025-05-09,1,True,True,True,트럭,135
ORD-5389,2025-04-29,CUS-EXA,수출(북미),부산항,FG-BAT-01,배터리 팩 (Battery Pack),68,58,85.8,2025-05-02,2025-05-01,2025-05-01,0,True,False,False,컨테이너 트럭,267
ORD-5390,2025-04-29,CUS-HMC,현대자동차,울산,FG-MTR-01,전기모터 (Electric Motor),176,176,100.0,2025-05-07,2025-05-05,2025-05-05,0,True,True,True,트럭,155
ORD-5391,2025-04-29,CUS-SSE,삼성SDI,천안,FG-INV-01,인버터 (Inverter),326,326,100.0,2025-05-09,2025-05-07,2025-05-08,1,True,True,True,트럭,245
ORD-5392,2025-04-29,CUS-SKI,SK이노베이션,서산,FG-INV-01,인버터 (Inverter),184,184,100.0,2025-05-01,2025-04-30,2025-04-30,0,True,True,True,트럭,285
ORD-5393,2025-04-29,CUS-HMC,현대자동차,울산,FG-MTR-01,전기모터 (Electric Motor),300,300,100.0,2025-05-03,2025-05-02,2025-05-02,0,True,True,True,트럭,335
ORD-5394,2025-04-30,CUS-EXP,수출(유럽),부산항,FG-CHG-01,충전기 (EV Charger),155,155,100.0,2025-05-08,2025-05-07,2025-05-08,1,True,True,True,컨테이너 트럭,264
ORD-5395,2025-04-30,CUS-LGE,LG에너지솔루션,오창,FG-CHG-01,충전기 (EV Charger),476,476,100.0,2025-05-06,2025-05-04,2025-05-04,0,True,True,True,트럭,311
ORD-5396,2025-04-30,CUS-HMC,현대자동차,울산,FG-INV-01,인버터 (Inverter),116,98,84.4,2025-05-08,2025-05-06,2025-05-06,0,True,False,False,트럭,264
ORD-5397,2025-04-30,CUS-EXP,수출(유럽),부산항,FG-CHG-01,충전기 (EV Charger),297,297,100.0,2025-05-03,2025-05-01,2025-05-01,0,True,True,True,컨테이너 트럭,257
ORD-5398,2025-04-30,CUS-SSE,삼성SDI,천안,FG-INV-01,인버터 (Inverter),50,50,100.0,2025-05-09,2025-05-08,2025-05-08,0,True,True,True,트럭,300
ORD-5399,2025-05-01,CUS-LGE,LG에너지솔루션,오창,FG-MTR-01,전기모터 (Electric Motor),13,13,100.0,2025-05-11,2025-05-09,2025-05-09,0,True,True,True,트럭,96
ORD-5400,2025-05-01,CUS-LGE,LG에너지솔루션,오창,FG-INV-01,인버터 (Inverter),40,40,100.0,2025-05-08,2025-05-07,2025-05-07,0,True,True,True,트럭,180
ORD-5401,2025-05-01,CUS-EXP,수출(유럽),부산항,FG-CHG-01,충전기 (EV Charger),250,250,100.0,2025-05-11,2025-05-10,2025-05-10,0,True,True,True,컨테이너 트럭,284
ORD-5402,2025-05-01,CUS-LGE,LG에너지솔루션,오창,FG-INV-01,인버터 (Inverter),390,390,100.0,2025-05-08,2025-05-07,2025-05-07,0,True,True,True,트럭,242
ORD-5403,2025-05-02,CUS-HMC,현대자동차,울산,FG-INV-01,인버터 (Inverter),348,330,94.8,2025-05-10,2025-05-09,2025-05-09,0,True,False,False,트럭,167
ORD-5404,2025-05-02,CUS-HMC,현대자동차,울산,FG-INV-01,인버터 (Inverter),224,224,100.0,2025-05-11,2025-05-09,2025-05-09,0,True,True,True,트럭,214
ORD-5405,2025-05-02,CUS-HMC,현대자동차,울산,FG-BAT-01,배터리 팩 (Battery Pack),105,105,100.0,2025-05-12,2025-05-11,2025-05-11,0,True,True,True,트럭,323
ORD-5406,2025-05-02,CUS-EXP,수출(유럽),부산항,FG-BAT-01,배터리 팩 (Battery Pack),336,336,100.0,2025-05-09,2025-05-07,2025-05-07,0,True,True,True,컨테이너 트럭,316
ORD-5407,2025-05-03,CUS-KIA,기아자동차,광주,FG-INV-01,인버터 (Inverter),254,254,100.0,2025-05-12,2025-05-11,2025-05-13,2,False,True,False,트럭,158
ORD-5408,2025-05-03,CUS-EXP,수출(유럽),부산항,FG-BAT-01,배터리 팩 (Battery Pack),448,448,100.0,2025-05-07,2025-05-06,2025-05-06,0,True,True,True,컨테이너 트럭,328
ORD-5409,2025-05-03,CUS-EXA,수출(북미),부산항,FG-CHG-01,충전기 (EV Charger),275,275,100.0,2025-05-10,2025-05-09,2025-05-09,0,True,True,True,컨테이너 트럭,305
ORD-5410,2025-05-04,CUS-SKI,SK이노베이션,서산,FG-MTR-01,전기모터 (Electric Motor),181,181,100.0,2025-05-12,2025-05-11,2025-05-11,0,True,True,True,트럭,233
ORD-5411,2025-05-04,CUS-EXA,수출(북미),부산항,FG-INV-01,인버터 (Inverter),47,47,100.0,2025-05-08,2025-05-06,2025-05-06,0,True,True,True,컨테이너 트럭,341
ORD-5412,2025-05-04,CUS-EXA,수출(북미),부산항,FG-MTR-01,전기모터 (Electric Motor),180,180,100.0,2025-05-12,2025-05-10,2025-05-10,0,True,True,True,컨테이너 트럭,317
ORD-5413,2025-05-04,CUS-SKI,SK이노베이션,서산,FG-CHG-01,충전기 (EV Charger),142,142,100.0,2025-05-12,2025-05-11,2025-05-11,0,True,True,True,트럭,290
ORD-5414,2025-05-04,CUS-KIA,기아자동차,광주,FG-BAT-01,배터리 팩 (Battery Pack),484,484,100.0,2025-05-08,2025-05-07,2025-05-07,0,True,True,True,트럭,378
ORD-5415,2025-05-04,CUS-EXA,수출(북미),부산항,FG-BAT-01,배터리 팩 (Battery Pack),58,58,100.0,2025-05-14,2025-05-13,2025-05-13,0,True,True,True,컨테이너 트럭,328
ORD-5416,2025-05-05,CUS-EXA,수출(북미),부산항,FG-BAT-01,배터리 팩 (Battery Pack),230,230,100.0,2025-05-09,2025-05-08,2025-05-08,0,True,True,True,컨테이너 트럭,313
ORD-5417,2025-05-05,CUS-KIA,기아자동차,광주,FG-BAT-01,배터리 팩 (Battery Pack),200,200,100.0,2025-05-09,2025-05-08,2025-05-08,0,True,True,True,트럭,120
ORD-5418,2025-05-05,CUS-EXP,수출(유럽),부산항,FG-MTR-01,전기모터 (Electric Motor),158,158,100.0,2025-05-08,2025-05-06,2025-05-07,1,True,True,True,컨테이너 트럭,317
ORD-5419,2025-05-05,CUS-EXA,수출(북미),부산항,FG-BAT-01,배터리 팩 (Battery Pack),221,221,100.0,2025-05-15,2025-05-13,2025-05-13,0,True,True,True,컨테이너 트럭,266
ORD-5420,2025-05-05,CUS-KIA,기아자동차,광주,FG-CHG-01,충전기 (EV Charger),258,258,100.0,2025-05-13,2025-05-11,2025-05-14,3,False,True,False,트럭,366
ORD-5421,2025-05-05,CUS-SSE,삼성SDI,천안,FG-MTR-01,전기모터 (Electric Motor),87,87,100.0,2025-05-10,2025-05-09,2025-05-09,0,True,True,True,트럭,207
ORD-5422,2025-05-05,CUS-EXA,수출(북미),부산항,FG-CHG-01,충전기 (EV Charger),459,459,100.0,2025-05-12,2025-05-11,2025-05-11,0,True,True,True,컨테이너 트럭,323
ORD-5423,2025-05-05,CUS-EXA,수출(북미),부산항,FG-INV-01,인버터 (Inverter),425,425,100.0,2025-05-10,2025-05-08,2025-05-08,0,True,True,True,컨테이너 트럭,295
ORD-5424,2025-05-06,CUS-SKI,SK이노베이션,서산,FG-CHG-01,충전기 (EV Charger),70,70,100.0,2025-05-15,2025-05-14,2025-05-14,0,True,True,True,트럭,322
ORD-5425,2025-05-06,CUS-KIA,기아자동차,광주,FG-BAT-01,배터리 팩 (Battery Pack),230,230,100.0,2025-05-16,2025-05-15,2025-05-15,0,True,True,True,트럭,89
ORD-5426,2025-05-06,CUS-SSE,삼성SDI,천안,FG-CHG-01,충전기 (EV Charger),272,238,87.6,2025-05-08,2025-05-07,2025-05-07,0,True,False,False,트럭,112
ORD-5427,2025-05-06,CUS-EXP,수출(유럽),부산항,FG-BAT-01,배터리 팩 (Battery Pack),312,312,100.0,2025-05-10,2025-05-09,2025-05-09,0,True,True,True,컨테이너 트럭,332
ORD-5428,2025-05-07,CUS-HMC,현대자동차,울산,FG-CHG-01,충전기 (EV Charger),328,328,100.0,2025-05-09,2025-05-08,2025-05-08,0,True,True,True,트럭,165
ORD-5429,2025-05-07,CUS-LGE,LG에너지솔루션,오창,FG-INV-01,인버터 (Inverter),288,288,100.0,2025-05-12,2025-05-10,2025-05-10,0,True,True,True,트럭,100
ORD-5430,2025-05-07,CUS-SKI,SK이노베이션,서산,FG-CHG-01,충전기 (EV Charger),114,114,100.0,2025-05-10,2025-05-09,2025-05-09,0,True,True,True,트럭,329
ORD-5431,2025-05-08,CUS-SSE,삼성SDI,천안,FG-MTR-01,전기모터 (Electric Motor),426,426,100.0,2025-05-11,2025-05-10,2025-05-10,0,True,True,True,트럭,265
ORD-5432,2025-05-08,CUS-KIA,기아자동차,광주,FG-CHG-01,충전기 (EV Charger),344,344,100.0,2025-05-18,2025-05-17,2025-05-17,0,True,True,True,트럭,193
ORD-5433,2025-05-08,CUS-LGE,LG에너지솔루션,오창,FG-BAT-01,배터리 팩 (Battery Pack),473,473,100.0,2025-05-13,2025-05-11,2025-05-11,0,True,True,True,트럭,153
ORD-5434,2025-05-08,CUS-LGE,LG에너지솔루션,오창,FG-MTR-01,전기모터 (Electric Motor),415,415,100.0,2025-05-13,2025-05-11,2025-05-11,0,True,True,True,트럭,338
ORD-5435,2025-05-09,CUS-KIA,기아자동차,광주,FG-BAT-01,배터리 팩 (Battery Pack),197,197,100.0,2025-05-11,2025-05-09,2025-05-09,0,True,True,True,트럭,151
ORD-5436,2025-05-09,CUS-SSE,삼성SDI,천안,FG-CHG-01,충전기 (EV Charger),165,165,100.0,2025-05-17,2025-05-15,2025-05-15,0,True,True,True,트럭,324
ORD-5437,2025-05-09,CUS-KIA,기아자동차,광주,FG-MTR-01,전기모터 (Electric Motor),25,25,100.0,2025-05-16,2025-05-15,2025-05-16,1,True,True,True,트럭,145
ORD-5438,2025-05-09,CUS-EXA,수출(북미),부산항,FG-BAT-01,배터리 팩 (Battery Pack),412,412,100.0,2025-05-16,2025-05-15,2025-05-15,0,True,True,True,컨테이너 트럭,334
ORD-5439,2025-05-09,CUS-SSE,삼성SDI,천안,FG-INV-01,인버터 (Inverter),114,114,100.0,2025-05-14,2025-05-13,2025-05-13,0,True,True,True,트럭,202
ORD-5440,2025-05-09,CUS-KIA,기아자동차,광주,FG-BAT-01,배터리 팩 (Battery Pack),70,70,100.0,2025-05-14,2025-05-13,2025-05-13,0,True,True,True,트럭,84
ORD-5441,2025-05-10,CUS-SKI,SK이노베이션,서산,FG-CHG-01,충전기 (EV Charger),351,351,100.0,2025-05-16,2025-05-15,2025-05-15,0,True,True,True,트럭,229
ORD-5442,2025-05-10,CUS-SSE,삼성SDI,천안,FG-MTR-01,전기모터 (Electric Motor),217,217,100.0,2025-05-14,2025-05-12,2025-05-12,0,True,True,True,트럭,270
ORD-5443,2025-05-10,CUS-SSE,삼성SDI,천안,FG-CHG-01,충전기 (EV Charger),196,196,100.0,2025-05-20,2025-05-19,2025-05-19,0,True,True,True,트럭,202
ORD-5444,2025-05-10,CUS-SSE,삼성SDI,천안,FG-CHG-01,충전기 (EV Charger),108,108,100.0,2025-05-13,2025-05-11,2025-05-13,2,True,True,True,트럭,98
ORD-5445,2025-05-10,CUS-KIA,기아자동차,광주,FG-BAT-01,배터리 팩 (Battery Pack),104,104,100.0,2025-05-12,2025-05-11,2025-05-11,0,True,True,True,트럭,133
ORD-5446,2025-05-10,CUS-EXA,수출(북미),부산항,FG-INV-01,인버터 (Inverter),412,412,100.0,2025-05-14,2025-05-13,2025-05-13,0,True,True,True,컨테이너 트럭,267
ORD-5447,2025-05-10,CUS-KIA,기아자동차,광주,FG-CHG-01,충전기 (EV Charger),412,412,100.0,2025-05-18,2025-05-17,2025-05-17,0,True,True,True,트럭,87
ORD-5448,2025-05-10,CUS-HMC,현대자동차,울산,FG-INV-01,인버터 (Inverter),350,350,100.0,2025-05-19,2025-05-18,2025-05-18,0,True,True,True,트럭,314
ORD-5449,2025-05-11,CUS-SKI,SK이노베이션,서산,FG-BAT-01,배터리 팩 (Battery Pack),403,403,100.0,2025-05-20,2025-05-18,2025-05-19,1,True,True,True,트럭,201
ORD-5450,2025-05-11,CUS-LGE,LG에너지솔루션,오창,FG-MTR-01,전기모터 (Electric Motor),296,296,100.0,2025-05-18,2025-05-17,2025-05-17,0,True,True,True,트럭,297
ORD-5451,2025-05-11,CUS-HMC,현대자동차,울산,FG-MTR-01,전기모터 (Electric Motor),473,473,100.0,2025-05-20,2025-05-18,2025-05-18,0,True,True,True,트럭,159
ORD-5452,2025-05-11,CUS-SSE,삼성SDI,천안,FG-CHG-01,충전기 (EV Charger),399,399,100.0,2025-05-15,2025-05-14,2025-05-14,0,True,True,True,트럭,308
ORD-5453,2025-05-11,CUS-KIA,기아자동차,광주,FG-MTR-01,전기모터 (Electric Motor),474,474,100.0,2025-05-13,2025-05-12,2025-05-12,0,True,True,True,트럭,207
ORD-5454,2025-05-12,CUS-EXA,수출(북미),부산항,FG-CHG-01,충전기 (EV Charger),89,89,100.0,2025-05-18,2025-05-17,2025-05-17,0,True,True,True,컨테이너 트럭,333
ORD-5455,2025-05-12,CUS-KIA,기아자동차,광주,FG-CHG-01,충전기 (EV Charger),220,220,100.0,2025-05-18,2025-05-16,2025-05-16,0,True,True,True,트럭,113
ORD-5456,2025-05-12,CUS-EXA,수출(북미),부산항,FG-BAT-01,배터리 팩 (Battery Pack),44,44,100.0,2025-05-14,2025-05-12,2025-05-12,0,True,True,True,컨테이너 트럭,328
ORD-5457,2025-05-12,CUS-EXP,수출(유럽),부산항,FG-INV-01,인버터 (Inverter),399,399,100.0,2025-05-17,2025-05-16,2025-05-16,0,True,True,True,컨테이너 트럭,342
ORD-5458,2025-05-12,CUS-EXP,수출(유럽),부산항,FG-CHG-01,충전기 (EV Charger),297,297,100.0,2025-05-18,2025-05-17,2025-05-17,0,True,True,True,컨테이너 트럭,335
ORD-5459,2025-05-12,CUS-KIA,기아자동차,광주,FG-INV-01,인버터 (Inverter),90,90,100.0,2025-05-15,2025-05-13,2025-05-13,0,True,True,True,트럭,397
ORD-5460,2025-05-13,CUS-EXA,수출(북미),부산항,FG-BAT-01,배터리 팩 (Battery Pack),396,396,100.0,2025-05-19,2025-05-18,2025-05-18,0,True,True,True,컨테이너 트럭,301
ORD-5461,2025-05-13,CUS-EXA,수출(북미),부산항,FG-CHG-01,충전기 (EV Charger),421,421,100.0,2025-05-16,2025-05-14,2025-05-14,0,True,True,True,컨테이너 트럭,275
ORD-5462,2025-05-13,CUS-HMC,현대자동차,울산,FG-CHG-01,충전기 (EV Charger),144,144,100.0,2025-05-23,2025-05-21,2025-05-21,0,True,True,True,트럭,238
ORD-5463,2025-05-13,CUS-SSE,삼성SDI,천안,FG-MTR-01,전기모터 (Electric Motor),149,149,100.0,2025-05-17,2025-05-16,2025-05-16,0,True,True,True,트럭,383
ORD-5464,2025-05-13,CUS-HMC,현대자동차,울산,FG-INV-01,인버터 (Inverter),381,381,100.0,2025-05-20,2025-05-18,2025-05-19,1,True,True,True,트럭,255
ORD-5465,2025-05-13,CUS-KIA,기아자동차,광주,FG-INV-01,인버터 (Inverter),193,193,100.0,2025-05-15,2025-05-14,2025-05-14,0,True,True,True,트럭,344
ORD-5466,2025-05-13,CUS-EXA,수출(북미),부산항,FG-CHG-01,충전기 (EV Charger),28,28,100.0,2025-05-21,2025-05-19,2025-05-19,0,True,True,True,컨테이너 트럭,325
ORD-5467,2025-05-13,CUS-SKI,SK이노베이션,서산,FG-MTR-01,전기모터 (Electric Motor),307,307,100.0,2025-05-19,2025-05-17,2025-05-17,0,True,True,True,트럭,167
ORD-5468,2025-05-14,CUS-SKI,SK이노베이션,서산,FG-BAT-01,배터리 팩 (Battery Pack),261,237,90.7,2025-05-18,2025-05-17,2025-05-17,0,True,False,False,트럭,185
ORD-5469,2025-05-14,CUS-HMC,현대자동차,울산,FG-MTR-01,전기모터 (Electric Motor),137,137,100.0,2025-05-21,2025-05-20,2025-05-22,2,False,True,False,트럭,322
ORD-5470,2025-05-14,CUS-SSE,삼성SDI,천안,FG-CHG-01,충전기 (EV Charger),424,424,100.0,2025-05-18,2025-05-17,2025-05-17,0,True,True,True,트럭,233
ORD-5471,2025-05-14,CUS-SKI,SK이노베이션,서산,FG-MTR-01,전기모터 (Electric Motor),155,155,100.0,2025-05-18,2025-05-16,2025-05-16,0,True,True,True,트럭,168
ORD-5472,2025-05-14,CUS-SSE,삼성SDI,천안,FG-MTR-01,전기모터 (Electric Motor),72,72,100.0,2025-05-19,2025-05-18,2025-05-18,0,True,True,True,트럭,88
ORD-5473,2025-05-14,CUS-EXP,수출(유럽),부산항,FG-BAT-01,배터리 팩 (Battery Pack),103,103,100.0,2025-05-20,2025-05-19,2025-05-19,0,True,True,True,컨테이너 트럭,270
ORD-5474,2025-05-14,CUS-LGE,LG에너지솔루션,오창,FG-CHG-01,충전기 (EV Charger),368,368,100.0,2025-05-21,2025-05-20,2025-05-20,0,True,True,True,트럭,257
ORD-5475,2025-05-15,CUS-EXA,수출(북미),부산항,FG-CHG-01,충전기 (EV Charger),81,81,100.0,2025-05-24,2025-05-23,2025-05-23,0,True,True,True,컨테이너 트럭,339
ORD-5476,2025-05-15,CUS-SSE,삼성SDI,천안,FG-CHG-01,충전기 (EV Charger),437,437,100.0,2025-05-23,2025-05-21,2025-05-21,0,True,True,True,트럭,126
ORD-5477,2025-05-15,CUS-EXP,수출(유럽),부산항,FG-CHG-01,충전기 (EV Charger),81,81,100.0,2025-05-23,2025-05-21,2025-05-21,0,True,True,True,컨테이너 트럭,292
ORD-5478,2025-05-15,CUS-LGE,LG에너지솔루션,오창,FG-BAT-01,배터리 팩 (Battery Pack),83,83,100.0,2025-05-17,2025-05-15,2025-05-15,0,True,True,True,트럭,120
ORD-5479,2025-05-15,CUS-SKI,SK이노베이션,서산,FG-BAT-01,배터리 팩 (Battery Pack),463,463,100.0,2025-05-25,2025-05-24,2025-05-24,0,True,True,True,트럭,159
ORD-5480,2025-05-15,CUS-EXP,수출(유럽),부산항,FG-BAT-01,배터리 팩 (Battery Pack),222,222,100.0,2025-05-20,2025-05-18,2025-05-18,0,True,True,True,컨테이너 트럭,330
ORD-5481,2025-05-15,CUS-EXP,수출(유럽),부산항,FG-INV-01,인버터 (Inverter),223,223,100.0,2025-05-19,2025-05-18,2025-05-18,0,True,True,True,컨테이너 트럭,306
ORD-5482,2025-05-16,CUS-SSE,삼성SDI,천안,FG-MTR-01,전기모터 (Electric Motor),167,167,100.0,2025-05-19,2025-05-17,2025-05-17,0,True,True,True,트럭,151
ORD-5483,2025-05-16,CUS-SSE,삼성SDI,천안,FG-MTR-01,전기모터 (Electric Motor),86,86,100.0,2025-05-25,2025-05-24,2025-05-27,3,False,True,False,트럭,101
ORD-5484,2025-05-16,CUS-LGE,LG에너지솔루션,오창,FG-CHG-01,충전기 (EV Charger),201,201,100.0,2025-05-26,2025-05-24,2025-05-26,2,True,True,True,트럭,98
ORD-5485,2025-05-16,CUS-SSE,삼성SDI,천안,FG-CHG-01,충전기 (EV Charger),380,380,100.0,2025-05-26,2025-05-24,2025-05-24,0,True,True,True,트럭,300
ORD-5486,2025-05-17,CUS-SKI,SK이노베이션,서산,FG-MTR-01,전기모터 (Electric Motor),179,179,100.0,2025-05-25,2025-05-24,2025-05-24,0,True,True,True,트럭,236
ORD-5487,2025-05-17,CUS-LGE,LG에너지솔루션,오창,FG-MTR-01,전기모터 (Electric Motor),400,400,100.0,2025-05-23,2025-05-22,2025-05-23,1,True,True,True,트럭,275
ORD-5488,2025-05-17,CUS-SSE,삼성SDI,천안,FG-CHG-01,충전기 (EV Charger),312,312,100.0,2025-05-21,2025-05-20,2025-05-20,0,True,True,True,트럭,331
ORD-5489,2025-05-17,CUS-SSE,삼성SDI,천안,FG-CHG-01,충전기 (EV Charger),434,434,100.0,2025-05-21,2025-05-19,2025-05-19,0,True,True,True,트럭,175
ORD-5490,2025-05-17,CUS-KIA,기아자동차,광주,FG-INV-01,인버터 (Inverter),463,463,100.0,2025-05-22,2025-05-20,2025-05-25,5,False,True,False,트럭,336
ORD-5491,2025-05-17,CUS-SKI,SK이노베이션,서산,FG-INV-01,인버터 (Inverter),447,447,100.0,2025-05-23,2025-05-21,2025-05-21,0,True,True,True,트럭,107
ORD-5492,2025-05-17,CUS-EXP,수출(유럽),부산항,FG-BAT-01,배터리 팩 (Battery Pack),396,396,100.0,2025-05-22,2025-05-20,2025-05-20,0,True,True,True,컨테이너 트럭,328
